benchmark,stiffness,Nx,Ny,threads,solver,converged,iterations,relative_residual,L1,L2,Linf,solve_wall_time,total_relevant_wall_time,continuity_metric,p_L2,u_L2,v_L2,YF_L2,YO_L2,YP_L2,h_L2,T_L2,rho_L2,T_rel_L2,rho_rel_L2
A,S1,216,72,2,SG_RBGS,1,6190,9.992957969203e-08,1.809518225694e-04,2.250131976117e-04,4.525482818418e-04,0.213455476,0.213455476,5.923875657895e-04,2.250131976117e-04,0.000000000000e+00,0.000000000000e+00,0.000000000000e+00,0.000000000000e+00,0.000000000000e+00,0.000000000000e+00,0.000000000000e+00,0.000000000000e+00,0.000000000000e+00,0.000000000000e+00
A,S1,216,72,2,MG3V,1,7,8.170531409397e-08,1.809497711218e-04,2.250130545043e-04,4.524806390717e-04,0.004366875,0.004366875,5.923658943349e-04,2.250130545043e-04,0.000000000000e+00,0.000000000000e+00,0.000000000000e+00,0.000000000000e+00,0.000000000000e+00,0.000000000000e+00,0.000000000000e+00,0.000000000000e+00,0.000000000000e+00,0.000000000000e+00
A,S1,216,72,2,MG2W,1,5,4.901880875632e-08,1.809511148328e-04,2.250131913339e-04,4.525140514156e-04,0.005379498,0.005379498,5.923772645955e-04,2.250131913339e-04,0.000000000000e+00,0.000000000000e+00,0.000000000000e+00,0.000000000000e+00,0.000000000000e+00,0.000000000000e+00,0.000000000000e+00,0.000000000000e+00,0.000000000000e+00,0.000000000000e+00
A,S1,216,72,2,MG2V,1,10,4.403488083085e-08,1.809510725823e-04,2.250131923930e-04,4.525117871116e-04,0.008208014,0.008208014,5.923766632657e-04,2.250131923930e-04,0.000000000000e+00,0.000000000000e+00,0.000000000000e+00,0.000000000000e+00,0.000000000000e+00,0.000000000000e+00,0.000000000000e+00,0.000000000000e+00,0.000000000000e+00,0.000000000000e+00
A,S1,216,72,2,RMT3H,1,28,7.822662031084e-08,1.809514113629e-04,2.250144696499e-04,4.524867789399e-04,0.259840228,0.259840228,5.923709324687e-04,2.250144696499e-04,0.000000000000e+00,0.000000000000e+00,0.000000000000e+00,0.000000000000e+00,0.000000000000e+00,0.000000000000e+00,0.000000000000e+00,0.000000000000e+00,0.000000000000e+00,0.000000000000e+00
A,S1,216,72,1,SG_RBGS,1,6190,9.992957969203e-08,1.809518225694e-04,2.250131976117e-04,4.525482818418e-04,0.385013878,0.385013878,5.923875657895e-04,2.250131976117e-04,0.000000000000e+00,0.000000000000e+00,0.000000000000e+00,0.000000000000e+00,0.000000000000e+00,0.000000000000e+00,0.000000000000e+00,0.000000000000e+00,0.000000000000e+00,0.000000000000e+00
A,S1,216,72,1,MG3V,1,7,8.170531409397e-08,1.809497711218e-04,2.250130545043e-04,4.524806390717e-04,0.006159738,0.006159738,5.923658943349e-04,2.250130545043e-04,0.000000000000e+00,0.000000000000e+00,0.000000000000e+00,0.000000000000e+00,0.000000000000e+00,0.000000000000e+00,0.000000000000e+00,0.000000000000e+00,0.000000000000e+00,0.000000000000e+00
A,S1,216,72,1,MG2W,1,5,4.901880875632e-08,1.809511148328e-04,2.250131913339e-04,4.525140514156e-04,0.007671006,0.007671006,5.923772645955e-04,2.250131913339e-04,0.000000000000e+00,0.000000000000e+00,0.000000000000e+00,0.000000000000e+00,0.000000000000e+00,0.000000000000e+00,0.000000000000e+00,0.000000000000e+00,0.000000000000e+00,0.000000000000e+00
A,S1,216,72,1,MG2V,1,10,4.403488083085e-08,1.809510725823e-04,2.250131923930e-04,4.525117871116e-04,0.012064464,0.012064464,5.923766632657e-04,2.250131923930e-04,0.000000000000e+00,0.000000000000e+00,0.000000000000e+00,0.000000000000e+00,0.000000000000e+00,0.000000000000e+00,0.000000000000e+00,0.000000000000e+00,0.000000000000e+00,0.000000000000e+00
A,S1,216,72,1,RMT3H,1,28,7.822662031084e-08,1.809514113629e-04,2.250144696499e-04,4.524867789399e-04,0.496011175,0.496011175,5.923709324687e-04,2.250144696499e-04,0.000000000000e+00,0.000000000000e+00,0.000000000000e+00,0.000000000000e+00,0.000000000000e+00,0.000000000000e+00,0.000000000000e+00,0.000000000000e+00,0.000000000000e+00,0.000000000000e+00
A,S1,216,72,4,SG_RBGS,1,6190,9.992957969203e-08,1.809518225694e-04,2.250131976117e-04,4.525482818418e-04,0.140043974,0.140043974,5.923875657895e-04,2.250131976117e-04,0.000000000000e+00,0.000000000000e+00,0.000000000000e+00,0.000000000000e+00,0.000000000000e+00,0.000000000000e+00,0.000000000000e+00,0.000000000000e+00,0.000000000000e+00,0.000000000000e+00
A,S1,216,72,4,MG3V,1,7,8.170531409397e-08,1.809497711218e-04,2.250130545043e-04,4.524806390717e-04,0.003671631,0.003671631,5.923658943349e-04,2.250130545043e-04,0.000000000000e+00,0.000000000000e+00,0.000000000000e+00,0.000000000000e+00,0.000000000000e+00,0.000000000000e+00,0.000000000000e+00,0.000000000000e+00,0.000000000000e+00,0.000000000000e+00
A,S1,216,72,4,MG2W,1,5,4.901880875632e-08,1.809511148328e-04,2.250131913339e-04,4.525140514156e-04,0.004811496,0.004811496,5.923772645955e-04,2.250131913339e-04,0.000000000000e+00,0.000000000000e+00,0.000000000000e+00,0.000000000000e+00,0.000000000000e+00,0.000000000000e+00,0.000000000000e+00,0.000000000000e+00,0.000000000000e+00,0.000000000000e+00
A,S1,216,72,4,MG2V,1,10,4.403488083085e-08,1.809510725823e-04,2.250131923930e-04,4.525117871116e-04,0.006466433,0.006466433,5.923766632657e-04,2.250131923930e-04,0.000000000000e+00,0.000000000000e+00,0.000000000000e+00,0.000000000000e+00,0.000000000000e+00,0.000000000000e+00,0.000000000000e+00,0.000000000000e+00,0.000000000000e+00,0.000000000000e+00
A,S1,216,72,4,RMT3H,1,28,7.822662031084e-08,1.809514113629e-04,2.250144696499e-04,4.524867789399e-04,0.147788003,0.147788003,5.923709324687e-04,2.250144696499e-04,0.000000000000e+00,0.000000000000e+00,0.000000000000e+00,0.000000000000e+00,0.000000000000e+00,0.000000000000e+00,0.000000000000e+00,0.000000000000e+00,0.000000000000e+00,0.000000000000e+00
A,S1,216,72,16,SG_RBGS,1,6190,9.992957969203e-08,1.809518225694e-04,2.250131976117e-04,4.525482818418e-04,0.099024501,0.099024501,5.923875657895e-04,2.250131976117e-04,0.000000000000e+00,0.000000000000e+00,0.000000000000e+00,0.000000000000e+00,0.000000000000e+00,0.000000000000e+00,0.000000000000e+00,0.000000000000e+00,0.000000000000e+00,0.000000000000e+00
A,S1,216,72,16,MG3V,1,7,8.170531409397e-08,1.809497711218e-04,2.250130545043e-04,4.524806390717e-04,0.003803860,0.003803860,5.923658943349e-04,2.250130545043e-04,0.000000000000e+00,0.000000000000e+00,0.000000000000e+00,0.000000000000e+00,0.000000000000e+00,0.000000000000e+00,0.000000000000e+00,0.000000000000e+00,0.000000000000e+00,0.000000000000e+00
A,S1,216,72,16,MG2W,1,5,4.901880875632e-08,1.809511148328e-04,2.250131913339e-04,4.525140514156e-04,0.005758580,0.005758580,5.923772645955e-04,2.250131913339e-04,0.000000000000e+00,0.000000000000e+00,0.000000000000e+00,0.000000000000e+00,0.000000000000e+00,0.000000000000e+00,0.000000000000e+00,0.000000000000e+00,0.000000000000e+00,0.000000000000e+00
A,S1,216,72,16,MG2V,1,10,4.403488083085e-08,1.809510725823e-04,2.250131923930e-04,4.525117871116e-04,0.006881837,0.006881837,5.923766632657e-04,2.250131923930e-04,0.000000000000e+00,0.000000000000e+00,0.000000000000e+00,0.000000000000e+00,0.000000000000e+00,0.000000000000e+00,0.000000000000e+00,0.000000000000e+00,0.000000000000e+00,0.000000000000e+00
A,S1,216,72,16,RMT3H,1,28,7.822662031084e-08,1.809514113629e-04,2.250144696499e-04,4.524867789399e-04,0.060360353,0.060360353,5.923709324687e-04,2.250144696499e-04,0.000000000000e+00,0.000000000000e+00,0.000000000000e+00,0.000000000000e+00,0.000000000000e+00,0.000000000000e+00,0.000000000000e+00,0.000000000000e+00,0.000000000000e+00,0.000000000000e+00
A,S1,108,36,2,SG_RBGS,1,1550,9.889140284292e-08,7.099404695825e-04,8.927835427369e-04,1.811336181454e-03,0.016849563,0.016849563,2.398897329677e-03,8.927835427369e-04,0.000000000000e+00,0.000000000000e+00,0.000000000000e+00,0.000000000000e+00,0.000000000000e+00,0.000000000000e+00,0.000000000000e+00,0.000000000000e+00,0.000000000000e+00,0.000000000000e+00
A,S1,108,36,2,MG3V,1,7,8.811828888132e-08,7.099263148638e-04,8.927699127623e-04,1.811232324366e-03,0.001739241,0.001739241,2.398824501799e-03,8.927699127623e-04,0.000000000000e+00,0.000000000000e+00,0.000000000000e+00,0.000000000000e+00,0.000000000000e+00,0.000000000000e+00,0.000000000000e+00,0.000000000000e+00,0.000000000000e+00,0.000000000000e+00
A,S1,108,36,2,MG2W,1,5,6.563673347451e-09,7.099380287905e-04,8.927835397860e-04,1.811253720152e-03,0.002560526,0.002560526,2.398879760934e-03,8.927835397860e-04,0.000000000000e+00,0.000000000000e+00,0.000000000000e+00,0.000000000000e+00,0.000000000000e+00,0.000000000000e+00,0.000000000000e+00,0.000000000000e+00,0.000000000000e+00,0.000000000000e+00
A,S1,108,36,2,MG2V,1,5,2.996264722553e-08,7.099367170506e-04,8.927826586381e-04,1.811254757796e-03,0.001646869,0.001646869,2.398875731987e-03,8.927826586381e-04,0.000000000000e+00,0.000000000000e+00,0.000000000000e+00,0.000000000000e+00,0.000000000000e+00,0.000000000000e+00,0.000000000000e+00,0.000000000000e+00,0.000000000000e+00,0.000000000000e+00
A,S1,108,36,2,RMT3H,1,26,8.060875882796e-08,7.099391501028e-04,8.927850350798e-04,1.811260670791e-03,0.049565747,0.049565747,2.398882580371e-03,8.927850350798e-04,0.000000000000e+00,0.000000000000e+00,0.000000000000e+00,0.000000000000e+00,0.000000000000e+00,0.000000000000e+00,0.000000000000e+00,0.000000000000e+00,0.000000000000e+00,0.000000000000e+00
A,S1,108,36,1,SG_RBGS,1,1550,9.889140284292e-08,7.099404695825e-04,8.927835427369e-04,1.811336181454e-03,0.025279187,0.025279187,2.398897329677e-03,8.927835427369e-04,0.000000000000e+00,0.000000000000e+00,0.000000000000e+00,0.000000000000e+00,0.000000000000e+00,0.000000000000e+00,0.000000000000e+00,0.000000000000e+00,0.000000000000e+00,0.000000000000e+00
A,S1,108,36,1,MG3V,1,7,8.811828888132e-08,7.099263148638e-04,8.927699127623e-04,1.811232324366e-03,0.001623727,0.001623727,2.398824501799e-03,8.927699127623e-04,0.000000000000e+00,0.000000000000e+00,0.000000000000e+00,0.000000000000e+00,0.000000000000e+00,0.000000000000e+00,0.000000000000e+00,0.000000000000e+00,0.000000000000e+00,0.000000000000e+00
A,S1,108,36,1,MG2W,1,5,6.563673347451e-09,7.099380287905e-04,8.927835397860e-04,1.811253720152e-03,0.002007179,0.002007179,2.398879760934e-03,8.927835397860e-04,0.000000000000e+00,0.000000000000e+00,0.000000000000e+00,0.000000000000e+00,0.000000000000e+00,0.000000000000e+00,0.000000000000e+00,0.000000000000e+00,0.000000000000e+00,0.000000000000e+00
A,S1,108,36,1,MG2V,1,5,2.996264722553e-08,7.099367170506e-04,8.927826586380e-04,1.811254757796e-03,0.001557104,0.001557104,2.398875731987e-03,8.927826586380e-04,0.000000000000e+00,0.000000000000e+00,0.000000000000e+00,0.000000000000e+00,0.000000000000e+00,0.000000000000e+00,0.000000000000e+00,0.000000000000e+00,0.000000000000e+00,0.000000000000e+00
A,S1,108,36,1,RMT3H,1,26,8.060875882796e-08,7.099391501028e-04,8.927850350798e-04,1.811260670791e-03,0.090497442,0.090497442,2.398882580371e-03,8.927850350798e-04,0.000000000000e+00,0.000000000000e+00,0.000000000000e+00,0.000000000000e+00,0.000000000000e+00,0.000000000000e+00,0.000000000000e+00,0.000000000000e+00,0.000000000000e+00,0.000000000000e+00
A,S1,108,36,4,SG_RBGS,1,1550,9.889140284292e-08,7.099404695825e-04,8.927835427369e-04,1.811336181454e-03,0.014253631,0.014253631,2.398897329677e-03,8.927835427369e-04,0.000000000000e+00,0.000000000000e+00,0.000000000000e+00,0.000000000000e+00,0.000000000000e+00,0.000000000000e+00,0.000000000000e+00,0.000000000000e+00,0.000000000000e+00,0.000000000000e+00
A,S1,108,36,4,MG3V,1,7,8.811828888132e-08,7.099263148638e-04,8.927699127623e-04,1.811232324366e-03,0.001862101,0.001862101,2.398824501799e-03,8.927699127623e-04,0.000000000000e+00,0.000000000000e+00,0.000000000000e+00,0.000000000000e+00,0.000000000000e+00,0.000000000000e+00,0.000000000000e+00,0.000000000000e+00,0.000000000000e+00,0.000000000000e+00
A,S1,108,36,4,MG2W,1,5,6.563673347451e-09,7.099380287905e-04,8.927835397860e-04,1.811253720152e-03,0.002771206,0.002771206,2.398879760934e-03,8.927835397860e-04,0.000000000000e+00,0.000000000000e+00,0.000000000000e+00,0.000000000000e+00,0.000000000000e+00,0.000000000000e+00,0.000000000000e+00,0.000000000000e+00,0.000000000000e+00,0.000000000000e+00
A,S1,108,36,4,MG2V,1,5,2.996264722553e-08,7.099367170506e-04,8.927826586381e-04,1.811254757796e-03,0.001667835,0.001667835,2.398875731987e-03,8.927826586381e-04,0.000000000000e+00,0.000000000000e+00,0.000000000000e+00,0.000000000000e+00,0.000000000000e+00,0.000000000000e+00,0.000000000000e+00,0.000000000000e+00,0.000000000000e+00,0.000000000000e+00
A,S1,108,36,4,RMT3H,1,26,8.060875882796e-08,7.099391501028e-04,8.927850350798e-04,1.811260670791e-03,0.037410326,0.037410326,2.398882580371e-03,8.927850350798e-04,0.000000000000e+00,0.000000000000e+00,0.000000000000e+00,0.000000000000e+00,0.000000000000e+00,0.000000000000e+00,0.000000000000e+00,0.000000000000e+00,0.000000000000e+00,0.000000000000e+00
A,S1,108,36,16,SG_RBGS,1,1550,9.889140284292e-08,7.099404695825e-04,8.927835427369e-04,1.811336181454e-03,0.018274650,0.018274650,2.398897329677e-03,8.927835427369e-04,0.000000000000e+00,0.000000000000e+00,0.000000000000e+00,0.000000000000e+00,0.000000000000e+00,0.000000000000e+00,0.000000000000e+00,0.000000000000e+00,0.000000000000e+00,0.000000000000e+00
A,S1,108,36,16,MG3V,1,7,8.811828888132e-08,7.099263148638e-04,8.927699127623e-04,1.811232324366e-03,0.002849691,0.002849691,2.398824501799e-03,8.927699127623e-04,0.000000000000e+00,0.000000000000e+00,0.000000000000e+00,0.000000000000e+00,0.000000000000e+00,0.000000000000e+00,0.000000000000e+00,0.000000000000e+00,0.000000000000e+00,0.000000000000e+00
A,S1,108,36,16,MG2W,1,5,6.563673347451e-09,7.099380287905e-04,8.927835397860e-04,1.811253720152e-03,0.003973037,0.003973037,2.398879760934e-03,8.927835397860e-04,0.000000000000e+00,0.000000000000e+00,0.000000000000e+00,0.000000000000e+00,0.000000000000e+00,0.000000000000e+00,0.000000000000e+00,0.000000000000e+00,0.000000000000e+00,0.000000000000e+00
A,S1,108,36,16,MG2V,1,5,2.996264722553e-08,7.099367170506e-04,8.927826586381e-04,1.811254757796e-03,0.002282657,0.002282657,2.398875731987e-03,8.927826586381e-04,0.000000000000e+00,0.000000000000e+00,0.000000000000e+00,0.000000000000e+00,0.000000000000e+00,0.000000000000e+00,0.000000000000e+00,0.000000000000e+00,0.000000000000e+00,0.000000000000e+00
A,S1,108,36,16,RMT3H,1,26,8.060875882796e-08,7.099391501028e-04,8.927850350798e-04,1.811260670791e-03,0.018864758,0.018864758,2.398882580371e-03,8.927850350798e-04,0.000000000000e+00,0.000000000000e+00,0.000000000000e+00,0.000000000000e+00,0.000000000000e+00,0.000000000000e+00,0.000000000000e+00,0.000000000000e+00,0.000000000000e+00,0.000000000000e+00
A,S1,864,288,2,SG_RBGS,1,99050,9.998661557762e-08,1.147091792524e-05,1.415635368783e-05,2.833427194748e-05,64.342178687,64.342178687,3.670680710953e-05,1.415635368783e-05,0.000000000000e+00,0.000000000000e+00,0.000000000000e+00,0.000000000000e+00,0.000000000000e+00,0.000000000000e+00,0.000000000000e+00,0.000000000000e+00,0.000000000000e+00,0.000000000000e+00
A,S1,864,288,2,MG3V,1,31,7.451556596442e-08,1.147079320114e-05,1.415629941747e-05,2.831827688687e-05,0.239964819,0.239964819,3.670167353358e-05,1.415629941747e-05,0.000000000000e+00,0.000000000000e+00,0.000000000000e+00,0.000000000000e+00,0.000000000000e+00,0.000000000000e+00,0.000000000000e+00,0.000000000000e+00,0.000000000000e+00,0.000000000000e+00
A,S1,864,288,2,MG2W,1,75,9.621088954983e-08,1.147089859207e-05,1.415634465990e-05,2.833190955964e-05,1.042748753,1.042748753,3.670604330572e-05,1.415634465990e-05,0.000000000000e+00,0.000000000000e+00,0.000000000000e+00,0.000000000000e+00,0.000000000000e+00,0.000000000000e+00,0.000000000000e+00,0.000000000000e+00,0.000000000000e+00,0.000000000000e+00
A,S1,864,288,2,MG2V,1,149,9.958587096617e-08,1.147091586211e-05,1.415635271249e-05,2.833402119840e-05,1.680492425,1.680492425,3.670672599116e-05,1.415635271249e-05,0.000000000000e+00,0.000000000000e+00,0.000000000000e+00,0.000000000000e+00,0.000000000000e+00,0.000000000000e+00,0.000000000000e+00,0.000000000000e+00,0.000000000000e+00,0.000000000000e+00
A,S1,864,288,2,RMT3H,1,32,5.277801023231e-08,1.147082573749e-05,1.415671845783e-05,2.827360415270e-05,5.833262576,5.833262576,3.668789014966e-05,1.415671845783e-05,0.000000000000e+00,0.000000000000e+00,0.000000000000e+00,0.000000000000e+00,0.000000000000e+00,0.000000000000e+00,0.000000000000e+00,0.000000000000e+00,0.000000000000e+00,0.000000000000e+00
A,S1,864,288,1,SG_RBGS,1,99050,9.998661557760e-08,1.147091792524e-05,1.415635368783e-05,2.833427194748e-05,128.291387051,128.291387051,3.670680710953e-05,1.415635368783e-05,0.000000000000e+00,0.000000000000e+00,0.000000000000e+00,0.000000000000e+00,0.000000000000e+00,0.000000000000e+00,0.000000000000e+00,0.000000000000e+00,0.000000000000e+00,0.000000000000e+00
A,S1,864,288,1,MG3V,1,31,7.451556596442e-08,1.147079320114e-05,1.415629941747e-05,2.831827688687e-05,0.462698989,0.462698989,3.670167353358e-05,1.415629941747e-05,0.000000000000e+00,0.000000000000e+00,0.000000000000e+00,0.000000000000e+00,0.000000000000e+00,0.000000000000e+00,0.000000000000e+00,0.000000000000e+00,0.000000000000e+00,0.000000000000e+00
A,S1,864,288,1,MG2W,1,75,9.621088954982e-08,1.147089859207e-05,1.415634465990e-05,2.833190955964e-05,1.943938978,1.943938978,3.670604330572e-05,1.415634465990e-05,0.000000000000e+00,0.000000000000e+00,0.000000000000e+00,0.000000000000e+00,0.000000000000e+00,0.000000000000e+00,0.000000000000e+00,0.000000000000e+00,0.000000000000e+00,0.000000000000e+00
A,S1,864,288,1,MG2V,1,149,9.958587096616e-08,1.147091586211e-05,1.415635271249e-05,2.833402119840e-05,3.204435758,3.204435758,3.670672599116e-05,1.415635271249e-05,0.000000000000e+00,0.000000000000e+00,0.000000000000e+00,0.000000000000e+00,0.000000000000e+00,0.000000000000e+00,0.000000000000e+00,0.000000000000e+00,0.000000000000e+00,0.000000000000e+00
A,S1,864,288,1,RMT3H,1,32,5.277801023230e-08,1.147082573749e-05,1.415671845783e-05,2.827360415270e-05,11.538496315,11.538496315,3.668789014966e-05,1.415671845783e-05,0.000000000000e+00,0.000000000000e+00,0.000000000000e+00,0.000000000000e+00,0.000000000000e+00,0.000000000000e+00,0.000000000000e+00,0.000000000000e+00,0.000000000000e+00,0.000000000000e+00
A,S1,864,288,4,SG_RBGS,1,99050,9.998661557762e-08,1.147091792524e-05,1.415635368783e-05,2.833427194748e-05,32.057716906,32.057716906,3.670680710953e-05,1.415635368783e-05,0.000000000000e+00,0.000000000000e+00,0.000000000000e+00,0.000000000000e+00,0.000000000000e+00,0.000000000000e+00,0.000000000000e+00,0.000000000000e+00,0.000000000000e+00,0.000000000000e+00
A,S1,864,288,4,MG3V,1,31,7.451556596442e-08,1.147079320114e-05,1.415629941747e-05,2.831827688687e-05,0.129645847,0.129645847,3.670167353358e-05,1.415629941747e-05,0.000000000000e+00,0.000000000000e+00,0.000000000000e+00,0.000000000000e+00,0.000000000000e+00,0.000000000000e+00,0.000000000000e+00,0.000000000000e+00,0.000000000000e+00,0.000000000000e+00
A,S1,864,288,4,MG2W,1,75,9.621088954984e-08,1.147089859207e-05,1.415634465990e-05,2.833190955964e-05,0.590438098,0.590438098,3.670604330572e-05,1.415634465990e-05,0.000000000000e+00,0.000000000000e+00,0.000000000000e+00,0.000000000000e+00,0.000000000000e+00,0.000000000000e+00,0.000000000000e+00,0.000000000000e+00,0.000000000000e+00,0.000000000000e+00
A,S1,864,288,4,MG2V,1,149,9.958587096618e-08,1.147091586211e-05,1.415635271249e-05,2.833402119840e-05,0.938909076,0.938909076,3.670672599116e-05,1.415635271249e-05,0.000000000000e+00,0.000000000000e+00,0.000000000000e+00,0.000000000000e+00,0.000000000000e+00,0.000000000000e+00,0.000000000000e+00,0.000000000000e+00,0.000000000000e+00,0.000000000000e+00
A,S1,864,288,4,RMT3H,1,32,5.277801023231e-08,1.147082573749e-05,1.415671845783e-05,2.827360415270e-05,3.017703667,3.017703667,3.668789014966e-05,1.415671845783e-05,0.000000000000e+00,0.000000000000e+00,0.000000000000e+00,0.000000000000e+00,0.000000000000e+00,0.000000000000e+00,0.000000000000e+00,0.000000000000e+00,0.000000000000e+00,0.000000000000e+00
A,S1,864,288,16,SG_RBGS,1,99050,9.998661557762e-08,1.147091792524e-05,1.415635368783e-05,2.833427194748e-05,8.459355868,8.459355868,3.670680710953e-05,1.415635368783e-05,0.000000000000e+00,0.000000000000e+00,0.000000000000e+00,0.000000000000e+00,0.000000000000e+00,0.000000000000e+00,0.000000000000e+00,0.000000000000e+00,0.000000000000e+00,0.000000000000e+00
A,S1,864,288,16,MG3V,1,31,7.451556596443e-08,1.147079320114e-05,1.415629941747e-05,2.831827688687e-05,0.050891429,0.050891429,3.670167353358e-05,1.415629941747e-05,0.000000000000e+00,0.000000000000e+00,0.000000000000e+00,0.000000000000e+00,0.000000000000e+00,0.000000000000e+00,0.000000000000e+00,0.000000000000e+00,0.000000000000e+00,0.000000000000e+00
A,S1,864,288,16,MG2W,1,75,9.621088954984e-08,1.147089859207e-05,1.415634465990e-05,2.833190955964e-05,0.261649594,0.261649594,3.670604330572e-05,1.415634465990e-05,0.000000000000e+00,0.000000000000e+00,0.000000000000e+00,0.000000000000e+00,0.000000000000e+00,0.000000000000e+00,0.000000000000e+00,0.000000000000e+00,0.000000000000e+00,0.000000000000e+00
A,S1,864,288,16,MG2V,1,149,9.958587096618e-08,1.147091586211e-05,1.415635271249e-05,2.833402119840e-05,0.392114066,0.392114066,3.670672599116e-05,1.415635271249e-05,0.000000000000e+00,0.000000000000e+00,0.000000000000e+00,0.000000000000e+00,0.000000000000e+00,0.000000000000e+00,0.000000000000e+00,0.000000000000e+00,0.000000000000e+00,0.000000000000e+00
A,S1,864,288,16,RMT3H,1,32,5.277801023231e-08,1.147082573749e-05,1.415671845783e-05,2.827360415270e-05,0.852976210,0.852976210,3.668789014966e-05,1.415671845783e-05,0.000000000000e+00,0.000000000000e+00,0.000000000000e+00,0.000000000000e+00,0.000000000000e+00,0.000000000000e+00,0.000000000000e+00,0.000000000000e+00,0.000000000000e+00,0.000000000000e+00
A,S1,1728,576,2,SG_RBGS,0,240000,1.042425386855e-05,5.537828764945e-06,7.092490417924e-06,1.618699561778e-05,773.047513384,773.047513384,2.042947470608e-05,7.092490417924e-06,0.000000000000e+00,0.000000000000e+00,0.000000000000e+00,0.000000000000e+00,0.000000000000e+00,0.000000000000e+00,0.000000000000e+00,0.000000000000e+00,0.000000000000e+00,0.000000000000e+00
A,S1,1728,576,2,MG3V,1,121,9.888985149408e-08,2.875010183492e-06,3.543574323031e-06,7.130112694709e-06,3.892189272,3.892189272,9.178592180937e-06,3.543574323031e-06,0.000000000000e+00,0.000000000000e+00,0.000000000000e+00,0.000000000000e+00,0.000000000000e+00,0.000000000000e+00,0.000000000000e+00,0.000000000000e+00,0.000000000000e+00,0.000000000000e+00
A,S1,1728,576,2,MG2W,1,300,9.620469972371e-08,2.874976359459e-06,3.543548841033e-06,7.128429057812e-06,17.422412500,17.422412500,9.177998038593e-06,3.543548841033e-06,0.000000000000e+00,0.000000000000e+00,0.000000000000e+00,0.000000000000e+00,0.000000000000e+00,0.000000000000e+00,0.000000000000e+00,0.000000000000e+00,0.000000000000e+00,0.000000000000e+00
A,S1,1728,576,2,MG2V,1,596,9.958226243792e-08,2.875019505141e-06,3.543581423369e-06,7.130580141457e-06,27.998058751,27.998058751,9.178753124405e-06,3.543581423369e-06,0.000000000000e+00,0.000000000000e+00,0.000000000000e+00,0.000000000000e+00,0.000000000000e+00,0.000000000000e+00,0.000000000000e+00,0.000000000000e+00,0.000000000000e+00,0.000000000000e+00
A,S1,1728,576,2,RMT3H,1,33,7.903484654566e-08,2.873876032801e-06,3.542452364114e-06,7.067214986667e-06,28.753378153,28.753378153,9.157676349562e-06,3.542452364114e-06,0.000000000000e+00,0.000000000000e+00,0.000000000000e+00,0.000000000000e+00,0.000000000000e+00,0.000000000000e+00,0.000000000000e+00,0.000000000000e+00,0.000000000000e+00,0.000000000000e+00
A,S1,1728,576,1,SG_RBGS,0,240000,1.042425386855e-05,5.537828764945e-06,7.092490417924e-06,1.618699561778e-05,1447.581599968,1447.581599968,2.042947470608e-05,7.092490417924e-06,0.000000000000e+00,0.000000000000e+00,0.000000000000e+00,0.000000000000e+00,0.000000000000e+00,0.000000000000e+00,0.000000000000e+00,0.000000000000e+00,0.000000000000e+00,0.000000000000e+00
A,S1,1728,576,1,MG3V,1,121,9.888985149405e-08,2.875010183492e-06,3.543574323030e-06,7.130112694709e-06,7.955006536,7.955006536,9.178592180937e-06,3.543574323030e-06,0.000000000000e+00,0.000000000000e+00,0.000000000000e+00,0.000000000000e+00,0.000000000000e+00,0.000000000000e+00,0.000000000000e+00,0.000000000000e+00,0.000000000000e+00,0.000000000000e+00
A,S1,1728,576,1,MG2W,1,300,9.620469972368e-08,2.874976359459e-06,3.543548841033e-06,7.128429057812e-06,34.347892728,34.347892728,9.177998038593e-06,3.543548841033e-06,0.000000000000e+00,0.000000000000e+00,0.000000000000e+00,0.000000000000e+00,0.000000000000e+00,0.000000000000e+00,0.000000000000e+00,0.000000000000e+00,0.000000000000e+00,0.000000000000e+00
A,S1,1728,576,1,MG2V,1,596,9.958226243789e-08,2.875019505141e-06,3.543581423369e-06,7.130580141457e-06,55.593635309,55.593635309,9.178753124405e-06,3.543581423369e-06,0.000000000000e+00,0.000000000000e+00,0.000000000000e+00,0.000000000000e+00,0.000000000000e+00,0.000000000000e+00,0.000000000000e+00,0.000000000000e+00,0.000000000000e+00,0.000000000000e+00
A,S1,1728,576,1,RMT3H,1,33,7.903484654563e-08,2.873876032801e-06,3.542452364114e-06,7.067214986667e-06,56.736836549,56.736836549,9.157676349562e-06,3.542452364114e-06,0.000000000000e+00,0.000000000000e+00,0.000000000000e+00,0.000000000000e+00,0.000000000000e+00,0.000000000000e+00,0.000000000000e+00,0.000000000000e+00,0.000000000000e+00,0.000000000000e+00
A,S1,1728,576,4,SG_RBGS,0,240000,1.042425386855e-05,5.537828764945e-06,7.092490417924e-06,1.618699561778e-05,342.096230730,342.096230730,2.042947470608e-05,7.092490417924e-06,0.000000000000e+00,0.000000000000e+00,0.000000000000e+00,0.000000000000e+00,0.000000000000e+00,0.000000000000e+00,0.000000000000e+00,0.000000000000e+00,0.000000000000e+00,0.000000000000e+00
A,S1,1728,576,4,MG3V,1,121,9.888985149409e-08,2.875010183492e-06,3.543574323030e-06,7.130112694709e-06,2.119115181,2.119115181,9.178592180937e-06,3.543574323030e-06,0.000000000000e+00,0.000000000000e+00,0.000000000000e+00,0.000000000000e+00,0.000000000000e+00,0.000000000000e+00,0.000000000000e+00,0.000000000000e+00,0.000000000000e+00,0.000000000000e+00
A,S1,1728,576,4,MG2W,1,300,9.620469972372e-08,2.874976359459e-06,3.543548841033e-06,7.128429057812e-06,9.467991851,9.467991851,9.177998038593e-06,3.543548841033e-06,0.000000000000e+00,0.000000000000e+00,0.000000000000e+00,0.000000000000e+00,0.000000000000e+00,0.000000000000e+00,0.000000000000e+00,0.000000000000e+00,0.000000000000e+00,0.000000000000e+00
A,S1,1728,576,4,MG2V,1,596,9.958226243793e-08,2.875019505141e-06,3.543581423369e-06,7.130580141457e-06,15.025889568,15.025889568,9.178753124405e-06,3.543581423369e-06,0.000000000000e+00,0.000000000000e+00,0.000000000000e+00,0.000000000000e+00,0.000000000000e+00,0.000000000000e+00,0.000000000000e+00,0.000000000000e+00,0.000000000000e+00,0.000000000000e+00
A,S1,1728,576,4,RMT3H,1,33,7.903484654567e-08,2.873876032801e-06,3.542452364114e-06,7.067214986667e-06,14.574876286,14.574876286,9.157676349562e-06,3.542452364114e-06,0.000000000000e+00,0.000000000000e+00,0.000000000000e+00,0.000000000000e+00,0.000000000000e+00,0.000000000000e+00,0.000000000000e+00,0.000000000000e+00,0.000000000000e+00,0.000000000000e+00
A,S1,1728,576,16,SG_RBGS,0,240000,1.042425386855e-05,5.537828764945e-06,7.092490417924e-06,1.618699561778e-05,107.395537116,107.395537116,2.042947470608e-05,7.092490417924e-06,0.000000000000e+00,0.000000000000e+00,0.000000000000e+00,0.000000000000e+00,0.000000000000e+00,0.000000000000e+00,0.000000000000e+00,0.000000000000e+00,0.000000000000e+00,0.000000000000e+00
A,S1,1728,576,16,MG3V,1,121,9.888985149410e-08,2.875010183492e-06,3.543574323031e-06,7.130112694709e-06,0.648798408,0.648798408,9.178592180937e-06,3.543574323031e-06,0.000000000000e+00,0.000000000000e+00,0.000000000000e+00,0.000000000000e+00,0.000000000000e+00,0.000000000000e+00,0.000000000000e+00,0.000000000000e+00,0.000000000000e+00,0.000000000000e+00
A,S1,1728,576,16,MG2W,1,300,9.620469972373e-08,2.874976359459e-06,3.543548841033e-06,7.128429057812e-06,3.128146529,3.128146529,9.177998038593e-06,3.543548841033e-06,0.000000000000e+00,0.000000000000e+00,0.000000000000e+00,0.000000000000e+00,0.000000000000e+00,0.000000000000e+00,0.000000000000e+00,0.000000000000e+00,0.000000000000e+00,0.000000000000e+00
A,S1,1728,576,16,MG2V,1,596,9.958226243794e-08,2.875019505141e-06,3.543581423369e-06,7.130580141457e-06,4.906061217,4.906061217,9.178753124405e-06,3.543581423369e-06,0.000000000000e+00,0.000000000000e+00,0.000000000000e+00,0.000000000000e+00,0.000000000000e+00,0.000000000000e+00,0.000000000000e+00,0.000000000000e+00,0.000000000000e+00,0.000000000000e+00
A,S1,1728,576,16,RMT3H,1,33,7.903484654568e-08,2.873876032801e-06,3.542452364114e-06,7.067214986667e-06,3.920720493,3.920720493,9.157676349562e-06,3.542452364114e-06,0.000000000000e+00,0.000000000000e+00,0.000000000000e+00,0.000000000000e+00,0.000000000000e+00,0.000000000000e+00,0.000000000000e+00,0.000000000000e+00,0.000000000000e+00,0.000000000000e+00
A,S1,432,144,2,SG_RBGS,1,24762,9.996290832721e-08,4.566843405818e-05,5.649809928382e-05,1.131551348443e-04,3.381822914,3.381822914,1.472123383266e-04,5.649809928382e-05,0.000000000000e+00,0.000000000000e+00,0.000000000000e+00,0.000000000000e+00,0.000000000000e+00,0.000000000000e+00,0.000000000000e+00,0.000000000000e+00,0.000000000000e+00,0.000000000000e+00
A,S1,432,144,2,MG3V,1,8,6.029018119432e-08,4.566813771801e-05,5.649807654186e-05,1.131286644078e-04,0.015236713,0.015236713,1.472040671090e-04,5.649807654186e-05,0.000000000000e+00,0.000000000000e+00,0.000000000000e+00,0.000000000000e+00,0.000000000000e+00,0.000000000000e+00,0.000000000000e+00,0.000000000000e+00,0.000000000000e+00,0.000000000000e+00
A,S1,432,144,2,MG2W,1,19,8.237016399388e-08,4.566831210921e-05,5.649808988670e-05,1.131441320570e-04,0.068834126,0.068834126,1.472088692535e-04,5.649808988670e-05,0.000000000000e+00,0.000000000000e+00,0.000000000000e+00,0.000000000000e+00,0.000000000000e+00,0.000000000000e+00,0.000000000000e+00,0.000000000000e+00,0.000000000000e+00,0.000000000000e+00
A,S1,432,144,2,MG2V,1,38,7.868036106391e-08,4.566828653160e-05,5.649808815344e-05,1.131418235070e-04,0.106326118,0.106326118,1.472081424776e-04,5.649808815344e-05,0.000000000000e+00,0.000000000000e+00,0.000000000000e+00,0.000000000000e+00,0.000000000000e+00,0.000000000000e+00,0.000000000000e+00,0.000000000000e+00,0.000000000000e+00,0.000000000000e+00
A,S1,432,144,2,RMT3H,1,30,6.651915329630e-08,4.566833551072e-05,5.649890752812e-05,1.130953186265e-04,1.360077381,1.360077381,1.471944498866e-04,5.649890752812e-05,0.000000000000e+00,0.000000000000e+00,0.000000000000e+00,0.000000000000e+00,0.000000000000e+00,0.000000000000e+00,0.000000000000e+00,0.000000000000e+00,0.000000000000e+00,0.000000000000e+00
A,S1,432,144,1,SG_RBGS,1,24762,9.996290832720e-08,4.566843405818e-05,5.649809928382e-05,1.131551348443e-04,7.875067592,7.875067592,1.472123383266e-04,5.649809928382e-05,0.000000000000e+00,0.000000000000e+00,0.000000000000e+00,0.000000000000e+00,0.000000000000e+00,0.000000000000e+00,0.000000000000e+00,0.000000000000e+00,0.000000000000e+00,0.000000000000e+00
A,S1,432,144,1,MG3V,1,8,6.029018119432e-08,4.566813771801e-05,5.649807654186e-05,1.131286644078e-04,0.029917322,0.029917322,1.472040671090e-04,5.649807654186e-05,0.000000000000e+00,0.000000000000e+00,0.000000000000e+00,0.000000000000e+00,0.000000000000e+00,0.000000000000e+00,0.000000000000e+00,0.000000000000e+00,0.000000000000e+00,0.000000000000e+00
A,S1,432,144,1,MG2W,1,19,8.237016399387e-08,4.566831210920e-05,5.649808988670e-05,1.131441320570e-04,0.122611158,0.122611158,1.472088692535e-04,5.649808988670e-05,0.000000000000e+00,0.000000000000e+00,0.000000000000e+00,0.000000000000e+00,0.000000000000e+00,0.000000000000e+00,0.000000000000e+00,0.000000000000e+00,0.000000000000e+00,0.000000000000e+00
A,S1,432,144,1,MG2V,1,38,7.868036106391e-08,4.566828653160e-05,5.649808815344e-05,1.131418235070e-04,0.198077634,0.198077634,1.472081424776e-04,5.649808815344e-05,0.000000000000e+00,0.000000000000e+00,0.000000000000e+00,0.000000000000e+00,0.000000000000e+00,0.000000000000e+00,0.000000000000e+00,0.000000000000e+00,0.000000000000e+00,0.000000000000e+00
A,S1,432,144,1,RMT3H,1,30,6.651915329630e-08,4.566833551072e-05,5.649890752812e-05,1.130953186265e-04,2.640011601,2.640011601,1.471944498866e-04,5.649890752812e-05,0.000000000000e+00,0.000000000000e+00,0.000000000000e+00,0.000000000000e+00,0.000000000000e+00,0.000000000000e+00,0.000000000000e+00,0.000000000000e+00,0.000000000000e+00,0.000000000000e+00
A,S1,432,144,4,SG_RBGS,1,24762,9.996290832721e-08,4.566843405818e-05,5.649809928382e-05,1.131551348443e-04,1.836771622,1.836771622,1.472123383266e-04,5.649809928382e-05,0.000000000000e+00,0.000000000000e+00,0.000000000000e+00,0.000000000000e+00,0.000000000000e+00,0.000000000000e+00,0.000000000000e+00,0.000000000000e+00,0.000000000000e+00,0.000000000000e+00
A,S1,432,144,4,MG3V,1,8,6.029018119432e-08,4.566813771801e-05,5.649807654186e-05,1.131286644078e-04,0.009713724,0.009713724,1.472040671090e-04,5.649807654186e-05,0.000000000000e+00,0.000000000000e+00,0.000000000000e+00,0.000000000000e+00,0.000000000000e+00,0.000000000000e+00,0.000000000000e+00,0.000000000000e+00,0.000000000000e+00,0.000000000000e+00
A,S1,432,144,4,MG2W,1,19,8.237016399388e-08,4.566831210920e-05,5.649808988670e-05,1.131441320570e-04,0.044507433,0.044507433,1.472088692535e-04,5.649808988670e-05,0.000000000000e+00,0.000000000000e+00,0.000000000000e+00,0.000000000000e+00,0.000000000000e+00,0.000000000000e+00,0.000000000000e+00,0.000000000000e+00,0.000000000000e+00,0.000000000000e+00
A,S1,432,144,4,MG2V,1,38,7.868036106391e-08,4.566828653160e-05,5.649808815344e-05,1.131418235070e-04,0.068013046,0.068013046,1.472081424776e-04,5.649808815344e-05,0.000000000000e+00,0.000000000000e+00,0.000000000000e+00,0.000000000000e+00,0.000000000000e+00,0.000000000000e+00,0.000000000000e+00,0.000000000000e+00,0.000000000000e+00,0.000000000000e+00
A,S1,432,144,4,RMT3H,1,30,6.651915329630e-08,4.566833551072e-05,5.649890752812e-05,1.130953186265e-04,0.722043097,0.722043097,1.471944498866e-04,5.649890752812e-05,0.000000000000e+00,0.000000000000e+00,0.000000000000e+00,0.000000000000e+00,0.000000000000e+00,0.000000000000e+00,0.000000000000e+00,0.000000000000e+00,0.000000000000e+00,0.000000000000e+00
A,S1,432,144,16,SG_RBGS,1,24762,9.996290832721e-08,4.566843405818e-05,5.649809928382e-05,1.131551348443e-04,0.755087323,0.755087323,1.472123383266e-04,5.649809928382e-05,0.000000000000e+00,0.000000000000e+00,0.000000000000e+00,0.000000000000e+00,0.000000000000e+00,0.000000000000e+00,0.000000000000e+00,0.000000000000e+00,0.000000000000e+00,0.000000000000e+00
A,S1,432,144,16,MG3V,1,8,6.029018119432e-08,4.566813771801e-05,5.649807654186e-05,1.131286644078e-04,0.006658666,0.006658666,1.472040671090e-04,5.649807654186e-05,0.000000000000e+00,0.000000000000e+00,0.000000000000e+00,0.000000000000e+00,0.000000000000e+00,0.000000000000e+00,0.000000000000e+00,0.000000000000e+00,0.000000000000e+00,0.000000000000e+00
A,S1,432,144,16,MG2W,1,19,8.237016399388e-08,4.566831210920e-05,5.649808988670e-05,1.131441320570e-04,0.029250599,0.029250599,1.472088692535e-04,5.649808988670e-05,0.000000000000e+00,0.000000000000e+00,0.000000000000e+00,0.000000000000e+00,0.000000000000e+00,0.000000000000e+00,0.000000000000e+00,0.000000000000e+00,0.000000000000e+00,0.000000000000e+00
A,S1,432,144,16,MG2V,1,38,7.868036106391e-08,4.566828653160e-05,5.649808815344e-05,1.131418235070e-04,0.040946037,0.040946037,1.472081424776e-04,5.649808815344e-05,0.000000000000e+00,0.000000000000e+00,0.000000000000e+00,0.000000000000e+00,0.000000000000e+00,0.000000000000e+00,0.000000000000e+00,0.000000000000e+00,0.000000000000e+00,0.000000000000e+00
A,S1,432,144,16,RMT3H,1,30,6.651915329630e-08,4.566833551072e-05,5.649890752812e-05,1.130953186265e-04,0.246396370,0.246396370,1.471944498866e-04,5.649890752812e-05,0.000000000000e+00,0.000000000000e+00,0.000000000000e+00,0.000000000000e+00,0.000000000000e+00,0.000000000000e+00,0.000000000000e+00,0.000000000000e+00,0.000000000000e+00,0.000000000000e+00
A,S3,216,72,2,SG_RBGS,1,6190,9.992957877253e-08,4.071416007811e-04,5.062796946264e-04,1.018233634143e-03,0.213064104,0.213064104,1.107276549165e-03,5.062796946264e-04,0.000000000000e+00,0.000000000000e+00,0.000000000000e+00,0.000000000000e+00,0.000000000000e+00,0.000000000000e+00,0.000000000000e+00,0.000000000000e+00,0.000000000000e+00,0.000000000000e+00
A,S3,216,72,2,MG3V,1,7,8.170531367006e-08,4.071369850242e-04,5.062793726347e-04,1.018081437913e-03,0.004432246,0.004432246,1.107252341851e-03,5.062793726347e-04,0.000000000000e+00,0.000000000000e+00,0.000000000000e+00,0.000000000000e+00,0.000000000000e+00,0.000000000000e+00,0.000000000000e+00,0.000000000000e+00,0.000000000000e+00,0.000000000000e+00
A,S3,216,72,2,MG2W,1,5,4.901880928001e-08,4.071400083738e-04,5.062796805014e-04,1.018156615685e-03,0.005561225,0.005561225,1.107266090278e-03,5.062796805014e-04,0.000000000000e+00,0.000000000000e+00,0.000000000000e+00,0.000000000000e+00,0.000000000000e+00,0.000000000000e+00,0.000000000000e+00,0.000000000000e+00,0.000000000000e+00,0.000000000000e+00
A,S3,216,72,2,MG2V,1,10,4.403488117088e-08,4.071399133097e-04,5.062796828837e-04,1.018151521000e-03,0.007982954,0.007982954,1.107265582072e-03,5.062796828837e-04,0.000000000000e+00,0.000000000000e+00,0.000000000000e+00,0.000000000000e+00,0.000000000000e+00,0.000000000000e+00,0.000000000000e+00,0.000000000000e+00,0.000000000000e+00,0.000000000000e+00
A,S3,216,72,2,RMT3H,1,28,7.822661995494e-08,4.071406755670e-04,5.062825567131e-04,1.018095252616e-03,0.260399722,0.260399722,1.107264158054e-03,5.062825567131e-04,0.000000000000e+00,0.000000000000e+00,0.000000000000e+00,0.000000000000e+00,0.000000000000e+00,0.000000000000e+00,0.000000000000e+00,0.000000000000e+00,0.000000000000e+00,0.000000000000e+00
A,S3,216,72,1,SG_RBGS,1,6190,9.992957877253e-08,4.071416007811e-04,5.062796946264e-04,1.018233634143e-03,0.384502456,0.384502456,1.107276549165e-03,5.062796946264e-04,0.000000000000e+00,0.000000000000e+00,0.000000000000e+00,0.000000000000e+00,0.000000000000e+00,0.000000000000e+00,0.000000000000e+00,0.000000000000e+00,0.000000000000e+00,0.000000000000e+00
A,S3,216,72,1,MG3V,1,7,8.170531367006e-08,4.071369850242e-04,5.062793726347e-04,1.018081437913e-03,0.006103374,0.006103374,1.107252341851e-03,5.062793726347e-04,0.000000000000e+00,0.000000000000e+00,0.000000000000e+00,0.000000000000e+00,0.000000000000e+00,0.000000000000e+00,0.000000000000e+00,0.000000000000e+00,0.000000000000e+00,0.000000000000e+00
A,S3,216,72,1,MG2W,1,5,4.901880928001e-08,4.071400083738e-04,5.062796805014e-04,1.018156615685e-03,0.007692756,0.007692756,1.107266090278e-03,5.062796805014e-04,0.000000000000e+00,0.000000000000e+00,0.000000000000e+00,0.000000000000e+00,0.000000000000e+00,0.000000000000e+00,0.000000000000e+00,0.000000000000e+00,0.000000000000e+00,0.000000000000e+00
A,S3,216,72,1,MG2V,1,10,4.403488117088e-08,4.071399133097e-04,5.062796828837e-04,1.018151521000e-03,0.012054542,0.012054542,1.107265582072e-03,5.062796828837e-04,0.000000000000e+00,0.000000000000e+00,0.000000000000e+00,0.000000000000e+00,0.000000000000e+00,0.000000000000e+00,0.000000000000e+00,0.000000000000e+00,0.000000000000e+00,0.000000000000e+00
A,S3,216,72,1,RMT3H,1,28,7.822661995494e-08,4.071406755670e-04,5.062825567131e-04,1.018095252616e-03,0.495942626,0.495942626,1.107264158054e-03,5.062825567131e-04,0.000000000000e+00,0.000000000000e+00,0.000000000000e+00,0.000000000000e+00,0.000000000000e+00,0.000000000000e+00,0.000000000000e+00,0.000000000000e+00,0.000000000000e+00,0.000000000000e+00
A,S3,216,72,4,SG_RBGS,1,6190,9.992957877253e-08,4.071416007811e-04,5.062796946264e-04,1.018233634143e-03,0.140506586,0.140506586,1.107276549165e-03,5.062796946264e-04,0.000000000000e+00,0.000000000000e+00,0.000000000000e+00,0.000000000000e+00,0.000000000000e+00,0.000000000000e+00,0.000000000000e+00,0.000000000000e+00,0.000000000000e+00,0.000000000000e+00
A,S3,216,72,4,MG3V,1,7,8.170531367006e-08,4.071369850242e-04,5.062793726347e-04,1.018081437913e-03,0.003545111,0.003545111,1.107252341851e-03,5.062793726347e-04,0.000000000000e+00,0.000000000000e+00,0.000000000000e+00,0.000000000000e+00,0.000000000000e+00,0.000000000000e+00,0.000000000000e+00,0.000000000000e+00,0.000000000000e+00,0.000000000000e+00
A,S3,216,72,4,MG2W,1,5,4.901880928001e-08,4.071400083738e-04,5.062796805014e-04,1.018156615685e-03,0.004687876,0.004687876,1.107266090278e-03,5.062796805014e-04,0.000000000000e+00,0.000000000000e+00,0.000000000000e+00,0.000000000000e+00,0.000000000000e+00,0.000000000000e+00,0.000000000000e+00,0.000000000000e+00,0.000000000000e+00,0.000000000000e+00
A,S3,216,72,4,MG2V,1,10,4.403488117088e-08,4.071399133097e-04,5.062796828837e-04,1.018151521000e-03,0.006603668,0.006603668,1.107265582072e-03,5.062796828837e-04,0.000000000000e+00,0.000000000000e+00,0.000000000000e+00,0.000000000000e+00,0.000000000000e+00,0.000000000000e+00,0.000000000000e+00,0.000000000000e+00,0.000000000000e+00,0.000000000000e+00
A,S3,216,72,4,RMT3H,1,28,7.822661995494e-08,4.071406755670e-04,5.062825567131e-04,1.018095252616e-03,0.147437029,0.147437029,1.107264158054e-03,5.062825567131e-04,0.000000000000e+00,0.000000000000e+00,0.000000000000e+00,0.000000000000e+00,0.000000000000e+00,0.000000000000e+00,0.000000000000e+00,0.000000000000e+00,0.000000000000e+00,0.000000000000e+00
A,S3,216,72,16,SG_RBGS,1,6190,9.992957877253e-08,4.071416007811e-04,5.062796946264e-04,1.018233634143e-03,0.097830355,0.097830355,1.107276549165e-03,5.062796946264e-04,0.000000000000e+00,0.000000000000e+00,0.000000000000e+00,0.000000000000e+00,0.000000000000e+00,0.000000000000e+00,0.000000000000e+00,0.000000000000e+00,0.000000000000e+00,0.000000000000e+00
A,S3,216,72,16,MG3V,1,7,8.170531367006e-08,4.071369850242e-04,5.062793726347e-04,1.018081437913e-03,0.003758170,0.003758170,1.107252341851e-03,5.062793726347e-04,0.000000000000e+00,0.000000000000e+00,0.000000000000e+00,0.000000000000e+00,0.000000000000e+00,0.000000000000e+00,0.000000000000e+00,0.000000000000e+00,0.000000000000e+00,0.000000000000e+00
A,S3,216,72,16,MG2W,1,5,4.901880928001e-08,4.071400083738e-04,5.062796805014e-04,1.018156615685e-03,0.005677275,0.005677275,1.107266090278e-03,5.062796805014e-04,0.000000000000e+00,0.000000000000e+00,0.000000000000e+00,0.000000000000e+00,0.000000000000e+00,0.000000000000e+00,0.000000000000e+00,0.000000000000e+00,0.000000000000e+00,0.000000000000e+00
A,S3,216,72,16,MG2V,1,10,4.403488117088e-08,4.071399133097e-04,5.062796828837e-04,1.018151521000e-03,0.006944329,0.006944329,1.107265582072e-03,5.062796828837e-04,0.000000000000e+00,0.000000000000e+00,0.000000000000e+00,0.000000000000e+00,0.000000000000e+00,0.000000000000e+00,0.000000000000e+00,0.000000000000e+00,0.000000000000e+00,0.000000000000e+00
A,S3,216,72,16,RMT3H,1,28,7.822661995494e-08,4.071406755670e-04,5.062825567131e-04,1.018095252616e-03,0.060775064,0.060775064,1.107264158054e-03,5.062825567131e-04,0.000000000000e+00,0.000000000000e+00,0.000000000000e+00,0.000000000000e+00,0.000000000000e+00,0.000000000000e+00,0.000000000000e+00,0.000000000000e+00,0.000000000000e+00,0.000000000000e+00
A,S3,108,36,2,SG_RBGS,1,1550,9.889140273364e-08,1.597366056560e-03,2.008762971158e-03,4.075506408272e-03,0.017532051,0.017532051,4.491847663266e-03,2.008762971158e-03,0.000000000000e+00,0.000000000000e+00,0.000000000000e+00,0.000000000000e+00,0.000000000000e+00,0.000000000000e+00,0.000000000000e+00,0.000000000000e+00,0.000000000000e+00,0.000000000000e+00
A,S3,108,36,2,MG3V,1,7,8.811828940736e-08,1.597334208444e-03,2.008732303715e-03,4.075272729824e-03,0.001734078,0.001734078,4.491705664259e-03,2.008732303715e-03,0.000000000000e+00,0.000000000000e+00,0.000000000000e+00,0.000000000000e+00,0.000000000000e+00,0.000000000000e+00,0.000000000000e+00,0.000000000000e+00,0.000000000000e+00,0.000000000000e+00
A,S3,108,36,2,MG2W,1,5,6.563673447699e-09,1.597360564779e-03,2.008762964519e-03,4.075320870344e-03,0.002418198,0.002418198,4.491830003046e-03,2.008762964519e-03,0.000000000000e+00,0.000000000000e+00,0.000000000000e+00,0.000000000000e+00,0.000000000000e+00,0.000000000000e+00,0.000000000000e+00,0.000000000000e+00,0.000000000000e+00,0.000000000000e+00
A,S3,108,36,2,MG2V,1,5,2.996264725457e-08,1.597357613364e-03,2.008760981936e-03,4.075323205042e-03,0.001708314,0.001708314,4.491821024125e-03,2.008760981936e-03,0.000000000000e+00,0.000000000000e+00,0.000000000000e+00,0.000000000000e+00,0.000000000000e+00,0.000000000000e+00,0.000000000000e+00,0.000000000000e+00,0.000000000000e+00,0.000000000000e+00
A,S3,108,36,2,RMT3H,1,26,8.060875890678e-08,1.597363087731e-03,2.008766328930e-03,4.075336509281e-03,0.049081020,0.049081020,4.491838101776e-03,2.008766328930e-03,0.000000000000e+00,0.000000000000e+00,0.000000000000e+00,0.000000000000e+00,0.000000000000e+00,0.000000000000e+00,0.000000000000e+00,0.000000000000e+00,0.000000000000e+00,0.000000000000e+00
A,S3,108,36,1,SG_RBGS,1,1550,9.889140273364e-08,1.597366056560e-03,2.008762971158e-03,4.075506408272e-03,0.025354430,0.025354430,4.491847663266e-03,2.008762971158e-03,0.000000000000e+00,0.000000000000e+00,0.000000000000e+00,0.000000000000e+00,0.000000000000e+00,0.000000000000e+00,0.000000000000e+00,0.000000000000e+00,0.000000000000e+00,0.000000000000e+00
A,S3,108,36,1,MG3V,1,7,8.811828940736e-08,1.597334208444e-03,2.008732303715e-03,4.075272729824e-03,0.001614662,0.001614662,4.491705664259e-03,2.008732303715e-03,0.000000000000e+00,0.000000000000e+00,0.000000000000e+00,0.000000000000e+00,0.000000000000e+00,0.000000000000e+00,0.000000000000e+00,0.000000000000e+00,0.000000000000e+00,0.000000000000e+00
A,S3,108,36,1,MG2W,1,5,6.563673447699e-09,1.597360564779e-03,2.008762964519e-03,4.075320870344e-03,0.002011687,0.002011687,4.491830003046e-03,2.008762964519e-03,0.000000000000e+00,0.000000000000e+00,0.000000000000e+00,0.000000000000e+00,0.000000000000e+00,0.000000000000e+00,0.000000000000e+00,0.000000000000e+00,0.000000000000e+00,0.000000000000e+00
A,S3,108,36,1,MG2V,1,5,2.996264725457e-08,1.597357613364e-03,2.008760981936e-03,4.075323205042e-03,0.001562905,0.001562905,4.491821024125e-03,2.008760981936e-03,0.000000000000e+00,0.000000000000e+00,0.000000000000e+00,0.000000000000e+00,0.000000000000e+00,0.000000000000e+00,0.000000000000e+00,0.000000000000e+00,0.000000000000e+00,0.000000000000e+00
A,S3,108,36,1,RMT3H,1,26,8.060875890678e-08,1.597363087731e-03,2.008766328930e-03,4.075336509281e-03,0.090391904,0.090391904,4.491838101776e-03,2.008766328930e-03,0.000000000000e+00,0.000000000000e+00,0.000000000000e+00,0.000000000000e+00,0.000000000000e+00,0.000000000000e+00,0.000000000000e+00,0.000000000000e+00,0.000000000000e+00,0.000000000000e+00
A,S3,108,36,4,SG_RBGS,1,1550,9.889140273364e-08,1.597366056560e-03,2.008762971158e-03,4.075506408272e-03,0.014595045,0.014595045,4.491847663266e-03,2.008762971158e-03,0.000000000000e+00,0.000000000000e+00,0.000000000000e+00,0.000000000000e+00,0.000000000000e+00,0.000000000000e+00,0.000000000000e+00,0.000000000000e+00,0.000000000000e+00,0.000000000000e+00
A,S3,108,36,4,MG3V,1,7,8.811828940736e-08,1.597334208444e-03,2.008732303715e-03,4.075272729824e-03,0.001830075,0.001830075,4.491705664259e-03,2.008732303715e-03,0.000000000000e+00,0.000000000000e+00,0.000000000000e+00,0.000000000000e+00,0.000000000000e+00,0.000000000000e+00,0.000000000000e+00,0.000000000000e+00,0.000000000000e+00,0.000000000000e+00
A,S3,108,36,4,MG2W,1,5,6.563673447699e-09,1.597360564779e-03,2.008762964519e-03,4.075320870344e-03,0.002728827,0.002728827,4.491830003046e-03,2.008762964519e-03,0.000000000000e+00,0.000000000000e+00,0.000000000000e+00,0.000000000000e+00,0.000000000000e+00,0.000000000000e+00,0.000000000000e+00,0.000000000000e+00,0.000000000000e+00,0.000000000000e+00
A,S3,108,36,4,MG2V,1,5,2.996264725457e-08,1.597357613364e-03,2.008760981936e-03,4.075323205042e-03,0.001633935,0.001633935,4.491821024125e-03,2.008760981936e-03,0.000000000000e+00,0.000000000000e+00,0.000000000000e+00,0.000000000000e+00,0.000000000000e+00,0.000000000000e+00,0.000000000000e+00,0.000000000000e+00,0.000000000000e+00,0.000000000000e+00
A,S3,108,36,4,RMT3H,1,26,8.060875890678e-08,1.597363087731e-03,2.008766328930e-03,4.075336509281e-03,0.037170334,0.037170334,4.491838101776e-03,2.008766328930e-03,0.000000000000e+00,0.000000000000e+00,0.000000000000e+00,0.000000000000e+00,0.000000000000e+00,0.000000000000e+00,0.000000000000e+00,0.000000000000e+00,0.000000000000e+00,0.000000000000e+00
A,S3,108,36,16,SG_RBGS,1,1550,9.889140273364e-08,1.597366056560e-03,2.008762971158e-03,4.075506408272e-03,0.018663205,0.018663205,4.491847663266e-03,2.008762971158e-03,0.000000000000e+00,0.000000000000e+00,0.000000000000e+00,0.000000000000e+00,0.000000000000e+00,0.000000000000e+00,0.000000000000e+00,0.000000000000e+00,0.000000000000e+00,0.000000000000e+00
A,S3,108,36,16,MG3V,1,7,8.811828940736e-08,1.597334208444e-03,2.008732303715e-03,4.075272729824e-03,0.002902634,0.002902634,4.491705664259e-03,2.008732303715e-03,0.000000000000e+00,0.000000000000e+00,0.000000000000e+00,0.000000000000e+00,0.000000000000e+00,0.000000000000e+00,0.000000000000e+00,0.000000000000e+00,0.000000000000e+00,0.000000000000e+00
A,S3,108,36,16,MG2W,1,5,6.563673447699e-09,1.597360564779e-03,2.008762964519e-03,4.075320870344e-03,0.003976934,0.003976934,4.491830003046e-03,2.008762964519e-03,0.000000000000e+00,0.000000000000e+00,0.000000000000e+00,0.000000000000e+00,0.000000000000e+00,0.000000000000e+00,0.000000000000e+00,0.000000000000e+00,0.000000000000e+00,0.000000000000e+00
A,S3,108,36,16,MG2V,1,5,2.996264725457e-08,1.597357613364e-03,2.008760981936e-03,4.075323205042e-03,0.002308704,0.002308704,4.491821024125e-03,2.008760981936e-03,0.000000000000e+00,0.000000000000e+00,0.000000000000e+00,0.000000000000e+00,0.000000000000e+00,0.000000000000e+00,0.000000000000e+00,0.000000000000e+00,0.000000000000e+00,0.000000000000e+00
A,S3,108,36,16,RMT3H,1,26,8.060875890678e-08,1.597363087731e-03,2.008766328930e-03,4.075336509281e-03,0.019069493,0.019069493,4.491838101776e-03,2.008766328930e-03,0.000000000000e+00,0.000000000000e+00,0.000000000000e+00,0.000000000000e+00,0.000000000000e+00,0.000000000000e+00,0.000000000000e+00,0.000000000000e+00,0.000000000000e+00,0.000000000000e+00
A,S3,864,288,2,SG_RBGS,1,99050,9.998661528432e-08,2.580956533202e-05,3.185179579792e-05,6.375211188492e-05,64.451091371,64.451091371,6.850116430066e-05,3.185179579792e-05,0.000000000000e+00,0.000000000000e+00,0.000000000000e+00,0.000000000000e+00,0.000000000000e+00,0.000000000000e+00,0.000000000000e+00,0.000000000000e+00,0.000000000000e+00,0.000000000000e+00
A,S3,864,288,2,MG3V,1,31,7.451556634166e-08,2.580928470277e-05,3.185167368965e-05,6.371612299128e-05,0.239189722,0.239189722,6.849578287374e-05,3.185167368965e-05,0.000000000000e+00,0.000000000000e+00,0.000000000000e+00,0.000000000000e+00,0.000000000000e+00,0.000000000000e+00,0.000000000000e+00,0.000000000000e+00,0.000000000000e+00,0.000000000000e+00
A,S3,864,288,2,MG2W,1,75,9.621089103545e-08,2.580952183264e-05,3.185177548546e-05,6.374679650878e-05,1.038148016,1.038148016,6.850035992779e-05,3.185177548546e-05,0.000000000000e+00,0.000000000000e+00,0.000000000000e+00,0.000000000000e+00,0.000000000000e+00,0.000000000000e+00,0.000000000000e+00,0.000000000000e+00,0.000000000000e+00,0.000000000000e+00
A,S3,864,288,2,MG2V,1,149,9.958587393706e-08,2.580956068943e-05,3.185179360272e-05,6.375154769667e-05,1.678917505,1.678917505,6.850107880658e-05,3.185179360272e-05,0.000000000000e+00,0.000000000000e+00,0.000000000000e+00,0.000000000000e+00,0.000000000000e+00,0.000000000000e+00,0.000000000000e+00,0.000000000000e+00,0.000000000000e+00,0.000000000000e+00
A,S3,864,288,2,RMT3H,1,32,5.277801121195e-08,2.580935791030e-05,3.185261653171e-05,6.361560935630e-05,5.828823175,5.828823175,6.848318130004e-05,3.185261653171e-05,0.000000000000e+00,0.000000000000e+00,0.000000000000e+00,0.000000000000e+00,0.000000000000e+00,0.000000000000e+00,0.000000000000e+00,0.000000000000e+00,0.000000000000e+00,0.000000000000e+00
A,S3,864,288,1,SG_RBGS,1,99050,9.998661528431e-08,2.580956533202e-05,3.185179579792e-05,6.375211188492e-05,128.601443805,128.601443805,6.850116430066e-05,3.185179579792e-05,0.000000000000e+00,0.000000000000e+00,0.000000000000e+00,0.000000000000e+00,0.000000000000e+00,0.000000000000e+00,0.000000000000e+00,0.000000000000e+00,0.000000000000e+00,0.000000000000e+00
A,S3,864,288,1,MG3V,1,31,7.451556634165e-08,2.580928470277e-05,3.185167368965e-05,6.371612299128e-05,0.462660797,0.462660797,6.849578287374e-05,3.185167368965e-05,0.000000000000e+00,0.000000000000e+00,0.000000000000e+00,0.000000000000e+00,0.000000000000e+00,0.000000000000e+00,0.000000000000e+00,0.000000000000e+00,0.000000000000e+00,0.000000000000e+00
A,S3,864,288,1,MG2W,1,75,9.621089103543e-08,2.580952183264e-05,3.185177548546e-05,6.374679650878e-05,1.956694134,1.956694134,6.850035992779e-05,3.185177548546e-05,0.000000000000e+00,0.000000000000e+00,0.000000000000e+00,0.000000000000e+00,0.000000000000e+00,0.000000000000e+00,0.000000000000e+00,0.000000000000e+00,0.000000000000e+00,0.000000000000e+00
A,S3,864,288,1,MG2V,1,149,9.958587393705e-08,2.580956068943e-05,3.185179360272e-05,6.375154769667e-05,3.121662632,3.121662632,6.850107880658e-05,3.185179360272e-05,0.000000000000e+00,0.000000000000e+00,0.000000000000e+00,0.000000000000e+00,0.000000000000e+00,0.000000000000e+00,0.000000000000e+00,0.000000000000e+00,0.000000000000e+00,0.000000000000e+00
A,S3,864,288,1,RMT3H,1,32,5.277801121195e-08,2.580935791030e-05,3.185261653171e-05,6.361560935630e-05,11.552671432,11.552671432,6.848318130004e-05,3.185261653171e-05,0.000000000000e+00,0.000000000000e+00,0.000000000000e+00,0.000000000000e+00,0.000000000000e+00,0.000000000000e+00,0.000000000000e+00,0.000000000000e+00,0.000000000000e+00,0.000000000000e+00
A,S3,864,288,4,SG_RBGS,1,99050,9.998661528433e-08,2.580956533202e-05,3.185179579792e-05,6.375211188492e-05,32.195244603,32.195244603,6.850116430066e-05,3.185179579792e-05,0.000000000000e+00,0.000000000000e+00,0.000000000000e+00,0.000000000000e+00,0.000000000000e+00,0.000000000000e+00,0.000000000000e+00,0.000000000000e+00,0.000000000000e+00,0.000000000000e+00
A,S3,864,288,4,MG3V,1,31,7.451556634167e-08,2.580928470277e-05,3.185167368965e-05,6.371612299128e-05,0.130199194,0.130199194,6.849578287374e-05,3.185167368965e-05,0.000000000000e+00,0.000000000000e+00,0.000000000000e+00,0.000000000000e+00,0.000000000000e+00,0.000000000000e+00,0.000000000000e+00,0.000000000000e+00,0.000000000000e+00,0.000000000000e+00
A,S3,864,288,4,MG2W,1,75,9.621089103545e-08,2.580952183264e-05,3.185177548546e-05,6.374679650878e-05,0.591774464,0.591774464,6.850035992779e-05,3.185177548546e-05,0.000000000000e+00,0.000000000000e+00,0.000000000000e+00,0.000000000000e+00,0.000000000000e+00,0.000000000000e+00,0.000000000000e+00,0.000000000000e+00,0.000000000000e+00,0.000000000000e+00
A,S3,864,288,4,MG2V,1,149,9.958587393707e-08,2.580956068943e-05,3.185179360272e-05,6.375154769667e-05,0.940250592,0.940250592,6.850107880658e-05,3.185179360272e-05,0.000000000000e+00,0.000000000000e+00,0.000000000000e+00,0.000000000000e+00,0.000000000000e+00,0.000000000000e+00,0.000000000000e+00,0.000000000000e+00,0.000000000000e+00,0.000000000000e+00
A,S3,864,288,4,RMT3H,1,32,5.277801121195e-08,2.580935791030e-05,3.185261653172e-05,6.361560935630e-05,3.017440110,3.017440110,6.848318130004e-05,3.185261653172e-05,0.000000000000e+00,0.000000000000e+00,0.000000000000e+00,0.000000000000e+00,0.000000000000e+00,0.000000000000e+00,0.000000000000e+00,0.000000000000e+00,0.000000000000e+00,0.000000000000e+00
A,S3,864,288,16,SG_RBGS,1,99050,9.998661528433e-08,2.580956533202e-05,3.185179579792e-05,6.375211188492e-05,8.354765819,8.354765819,6.850116430066e-05,3.185179579792e-05,0.000000000000e+00,0.000000000000e+00,0.000000000000e+00,0.000000000000e+00,0.000000000000e+00,0.000000000000e+00,0.000000000000e+00,0.000000000000e+00,0.000000000000e+00,0.000000000000e+00
A,S3,864,288,16,MG3V,1,31,7.451556634167e-08,2.580928470277e-05,3.185167368965e-05,6.371612299128e-05,0.051208463,0.051208463,6.849578287374e-05,3.185167368965e-05,0.000000000000e+00,0.000000000000e+00,0.000000000000e+00,0.000000000000e+00,0.000000000000e+00,0.000000000000e+00,0.000000000000e+00,0.000000000000e+00,0.000000000000e+00,0.000000000000e+00
A,S3,864,288,16,MG2W,1,75,9.621089103545e-08,2.580952183264e-05,3.185177548546e-05,6.374679650878e-05,0.264525188,0.264525188,6.850035992779e-05,3.185177548546e-05,0.000000000000e+00,0.000000000000e+00,0.000000000000e+00,0.000000000000e+00,0.000000000000e+00,0.000000000000e+00,0.000000000000e+00,0.000000000000e+00,0.000000000000e+00,0.000000000000e+00
A,S3,864,288,16,MG2V,1,149,9.958587393707e-08,2.580956068943e-05,3.185179360272e-05,6.375154769667e-05,0.394254606,0.394254606,6.850107880658e-05,3.185179360272e-05,0.000000000000e+00,0.000000000000e+00,0.000000000000e+00,0.000000000000e+00,0.000000000000e+00,0.000000000000e+00,0.000000000000e+00,0.000000000000e+00,0.000000000000e+00,0.000000000000e+00
A,S3,864,288,16,RMT3H,1,32,5.277801121195e-08,2.580935791030e-05,3.185261653172e-05,6.361560935630e-05,0.853403049,0.853403049,6.848318130004e-05,3.185261653172e-05,0.000000000000e+00,0.000000000000e+00,0.000000000000e+00,0.000000000000e+00,0.000000000000e+00,0.000000000000e+00,0.000000000000e+00,0.000000000000e+00,0.000000000000e+00,0.000000000000e+00
A,S3,1728,576,2,SG_RBGS,0,240000,1.042425386904e-05,1.246011472262e-05,1.595810344223e-05,3.642074014487e-05,685.023071487,685.023071487,4.020303927901e-05,1.595810344223e-05,0.000000000000e+00,0.000000000000e+00,0.000000000000e+00,0.000000000000e+00,0.000000000000e+00,0.000000000000e+00,0.000000000000e+00,0.000000000000e+00,0.000000000000e+00,0.000000000000e+00
A,S3,1728,576,2,MG3V,1,121,9.888985023272e-08,6.468772913692e-06,7.973042228090e-06,1.604275356804e-05,3.993186004,3.993186004,1.711302303272e-05,7.973042228090e-06,0.000000000000e+00,0.000000000000e+00,0.000000000000e+00,0.000000000000e+00,0.000000000000e+00,0.000000000000e+00,0.000000000000e+00,0.000000000000e+00,0.000000000000e+00,0.000000000000e+00
A,S3,1728,576,2,MG2W,1,300,9.620469335338e-08,6.468696809024e-06,7.972984892545e-06,1.603896538094e-05,16.903105626,16.903105626,1.711232478454e-05,7.972984892545e-06,0.000000000000e+00,0.000000000000e+00,0.000000000000e+00,0.000000000000e+00,0.000000000000e+00,0.000000000000e+00,0.000000000000e+00,0.000000000000e+00,0.000000000000e+00,0.000000000000e+00
A,S3,1728,576,2,MG2V,1,596,9.958226474656e-08,6.468793886383e-06,7.973058202076e-06,1.604380531073e-05,27.550862160,27.550862160,1.711321136776e-05,7.973058202076e-06,0.000000000000e+00,0.000000000000e+00,0.000000000000e+00,0.000000000000e+00,0.000000000000e+00,0.000000000000e+00,0.000000000000e+00,0.000000000000e+00,0.000000000000e+00,0.000000000000e+00
A,S3,1728,576,2,RMT3H,1,33,7.903484634325e-08,6.466221073165e-06,7.970517818456e-06,1.590123375728e-05,28.690176494,28.690176494,1.708936039793e-05,7.970517818456e-06,0.000000000000e+00,0.000000000000e+00,0.000000000000e+00,0.000000000000e+00,0.000000000000e+00,0.000000000000e+00,0.000000000000e+00,0.000000000000e+00,0.000000000000e+00,0.000000000000e+00
A,S3,1728,576,1,SG_RBGS,0,240000,1.042425386904e-05,1.246011472262e-05,1.595810344223e-05,3.642074014487e-05,1442.195761453,1442.195761453,4.020303927901e-05,1.595810344223e-05,0.000000000000e+00,0.000000000000e+00,0.000000000000e+00,0.000000000000e+00,0.000000000000e+00,0.000000000000e+00,0.000000000000e+00,0.000000000000e+00,0.000000000000e+00,0.000000000000e+00
A,S3,1728,576,1,MG3V,1,121,9.888985023268e-08,6.468772913692e-06,7.973042228090e-06,1.604275356804e-05,7.947468139,7.947468139,1.711302303272e-05,7.973042228090e-06,0.000000000000e+00,0.000000000000e+00,0.000000000000e+00,0.000000000000e+00,0.000000000000e+00,0.000000000000e+00,0.000000000000e+00,0.000000000000e+00,0.000000000000e+00,0.000000000000e+00
A,S3,1728,576,1,MG2W,1,300,9.620469335334e-08,6.468696809024e-06,7.972984892545e-06,1.603896538094e-05,34.220053740,34.220053740,1.711232478454e-05,7.972984892545e-06,0.000000000000e+00,0.000000000000e+00,0.000000000000e+00,0.000000000000e+00,0.000000000000e+00,0.000000000000e+00,0.000000000000e+00,0.000000000000e+00,0.000000000000e+00,0.000000000000e+00
A,S3,1728,576,1,MG2V,1,596,9.958226474652e-08,6.468793886383e-06,7.973058202076e-06,1.604380531073e-05,56.257510565,56.257510565,1.711321136776e-05,7.973058202076e-06,0.000000000000e+00,0.000000000000e+00,0.000000000000e+00,0.000000000000e+00,0.000000000000e+00,0.000000000000e+00,0.000000000000e+00,0.000000000000e+00,0.000000000000e+00,0.000000000000e+00
A,S3,1728,576,1,RMT3H,1,33,7.903484634323e-08,6.466221073165e-06,7.970517818456e-06,1.590123375728e-05,56.817003064,56.817003064,1.708936039793e-05,7.970517818456e-06,0.000000000000e+00,0.000000000000e+00,0.000000000000e+00,0.000000000000e+00,0.000000000000e+00,0.000000000000e+00,0.000000000000e+00,0.000000000000e+00,0.000000000000e+00,0.000000000000e+00
A,S3,1728,576,4,SG_RBGS,0,240000,1.042425386904e-05,1.246011472262e-05,1.595810344223e-05,3.642074014487e-05,320.947897989,320.947897989,4.020303927901e-05,1.595810344223e-05,0.000000000000e+00,0.000000000000e+00,0.000000000000e+00,0.000000000000e+00,0.000000000000e+00,0.000000000000e+00,0.000000000000e+00,0.000000000000e+00,0.000000000000e+00,0.000000000000e+00
A,S3,1728,576,4,MG3V,1,121,9.888985023274e-08,6.468772913692e-06,7.973042228090e-06,1.604275356804e-05,1.984919596,1.984919596,1.711302303272e-05,7.973042228090e-06,0.000000000000e+00,0.000000000000e+00,0.000000000000e+00,0.000000000000e+00,0.000000000000e+00,0.000000000000e+00,0.000000000000e+00,0.000000000000e+00,0.000000000000e+00,0.000000000000e+00
A,S3,1728,576,4,MG2W,1,300,9.620469335340e-08,6.468696809024e-06,7.972984892544e-06,1.603896538094e-05,8.834971346,8.834971346,1.711232478454e-05,7.972984892544e-06,0.000000000000e+00,0.000000000000e+00,0.000000000000e+00,0.000000000000e+00,0.000000000000e+00,0.000000000000e+00,0.000000000000e+00,0.000000000000e+00,0.000000000000e+00,0.000000000000e+00
A,S3,1728,576,4,MG2V,1,596,9.958226474658e-08,6.468793886383e-06,7.973058202077e-06,1.604380531073e-05,14.408707760,14.408707760,1.711321136776e-05,7.973058202077e-06,0.000000000000e+00,0.000000000000e+00,0.000000000000e+00,0.000000000000e+00,0.000000000000e+00,0.000000000000e+00,0.000000000000e+00,0.000000000000e+00,0.000000000000e+00,0.000000000000e+00
A,S3,1728,576,4,RMT3H,1,33,7.903484634326e-08,6.466221073165e-06,7.970517818456e-06,1.590123375728e-05,14.455743939,14.455743939,1.708936039793e-05,7.970517818456e-06,0.000000000000e+00,0.000000000000e+00,0.000000000000e+00,0.000000000000e+00,0.000000000000e+00,0.000000000000e+00,0.000000000000e+00,0.000000000000e+00,0.000000000000e+00,0.000000000000e+00
A,S3,1728,576,16,SG_RBGS,0,240000,1.042425386904e-05,1.246011472262e-05,1.595810344223e-05,3.642074014487e-05,94.713608921,94.713608921,4.020303927901e-05,1.595810344223e-05,0.000000000000e+00,0.000000000000e+00,0.000000000000e+00,0.000000000000e+00,0.000000000000e+00,0.000000000000e+00,0.000000000000e+00,0.000000000000e+00,0.000000000000e+00,0.000000000000e+00
A,S3,1728,576,16,MG3V,1,121,9.888985023275e-08,6.468772913692e-06,7.973042228090e-06,1.604275356804e-05,0.645443346,0.645443346,1.711302303272e-05,7.973042228090e-06,0.000000000000e+00,0.000000000000e+00,0.000000000000e+00,0.000000000000e+00,0.000000000000e+00,0.000000000000e+00,0.000000000000e+00,0.000000000000e+00,0.000000000000e+00,0.000000000000e+00
A,S3,1728,576,16,MG2W,1,300,9.620469335340e-08,6.468696809024e-06,7.972984892544e-06,1.603896538094e-05,3.292328879,3.292328879,1.711232478454e-05,7.972984892544e-06,0.000000000000e+00,0.000000000000e+00,0.000000000000e+00,0.000000000000e+00,0.000000000000e+00,0.000000000000e+00,0.000000000000e+00,0.000000000000e+00,0.000000000000e+00,0.000000000000e+00
A,S3,1728,576,16,MG2V,1,596,9.958226474659e-08,6.468793886383e-06,7.973058202077e-06,1.604380531073e-05,4.928332195,4.928332195,1.711321136776e-05,7.973058202077e-06,0.000000000000e+00,0.000000000000e+00,0.000000000000e+00,0.000000000000e+00,0.000000000000e+00,0.000000000000e+00,0.000000000000e+00,0.000000000000e+00,0.000000000000e+00,0.000000000000e+00
A,S3,1728,576,16,RMT3H,1,33,7.903484634326e-08,6.466221073165e-06,7.970517818456e-06,1.590123375728e-05,3.925232295,3.925232295,1.708936039793e-05,7.970517818456e-06,0.000000000000e+00,0.000000000000e+00,0.000000000000e+00,0.000000000000e+00,0.000000000000e+00,0.000000000000e+00,0.000000000000e+00,0.000000000000e+00,0.000000000000e+00,0.000000000000e+00
A,S3,432,144,2,SG_RBGS,1,24762,9.996290960320e-08,1.027539766309e-04,1.271207233886e-04,2.545990533998e-04,3.375455447,3.375455447,2.749016104783e-04,1.271207233886e-04,0.000000000000e+00,0.000000000000e+00,0.000000000000e+00,0.000000000000e+00,0.000000000000e+00,0.000000000000e+00,0.000000000000e+00,0.000000000000e+00,0.000000000000e+00,0.000000000000e+00
A,S3,432,144,2,MG3V,1,8,6.029018084403e-08,1.027533098663e-04,1.271206722201e-04,2.545394949176e-04,0.015257686,0.015257686,2.748930069141e-04,1.271206722201e-04,0.000000000000e+00,0.000000000000e+00,0.000000000000e+00,0.000000000000e+00,0.000000000000e+00,0.000000000000e+00,0.000000000000e+00,0.000000000000e+00,0.000000000000e+00,0.000000000000e+00
A,S3,432,144,2,MG2W,1,19,8.237016665401e-08,1.027537022459e-04,1.271207022455e-04,2.545742971312e-04,0.068297483,0.068297483,2.748980829932e-04,1.271207022455e-04,0.000000000000e+00,0.000000000000e+00,0.000000000000e+00,0.000000000000e+00,0.000000000000e+00,0.000000000000e+00,0.000000000000e+00,0.000000000000e+00,0.000000000000e+00,0.000000000000e+00
A,S3,432,144,2,MG2V,1,38,7.868036283447e-08,1.027536446960e-04,1.271206983451e-04,2.545691028912e-04,0.106392771,0.106392771,2.748973448899e-04,1.271206983451e-04,0.000000000000e+00,0.000000000000e+00,0.000000000000e+00,0.000000000000e+00,0.000000000000e+00,0.000000000000e+00,0.000000000000e+00,0.000000000000e+00,0.000000000000e+00,0.000000000000e+00
A,S3,432,144,2,RMT3H,1,30,6.651915283124e-08,1.027537548998e-04,1.271225419392e-04,2.544644669085e-04,1.359800376,1.359800376,2.748862056119e-04,1.271225419392e-04,0.000000000000e+00,0.000000000000e+00,0.000000000000e+00,0.000000000000e+00,0.000000000000e+00,0.000000000000e+00,0.000000000000e+00,0.000000000000e+00,0.000000000000e+00,0.000000000000e+00
A,S3,432,144,1,SG_RBGS,1,24762,9.996290960320e-08,1.027539766309e-04,1.271207233886e-04,2.545990533998e-04,7.957511641,7.957511641,2.749016104783e-04,1.271207233886e-04,0.000000000000e+00,0.000000000000e+00,0.000000000000e+00,0.000000000000e+00,0.000000000000e+00,0.000000000000e+00,0.000000000000e+00,0.000000000000e+00,0.000000000000e+00,0.000000000000e+00
A,S3,432,144,1,MG3V,1,8,6.029018084402e-08,1.027533098663e-04,1.271206722201e-04,2.545394949176e-04,0.030142637,0.030142637,2.748930069141e-04,1.271206722201e-04,0.000000000000e+00,0.000000000000e+00,0.000000000000e+00,0.000000000000e+00,0.000000000000e+00,0.000000000000e+00,0.000000000000e+00,0.000000000000e+00,0.000000000000e+00,0.000000000000e+00
A,S3,432,144,1,MG2W,1,19,8.237016665401e-08,1.027537022459e-04,1.271207022455e-04,2.545742971312e-04,0.122236717,0.122236717,2.748980829932e-04,1.271207022455e-04,0.000000000000e+00,0.000000000000e+00,0.000000000000e+00,0.000000000000e+00,0.000000000000e+00,0.000000000000e+00,0.000000000000e+00,0.000000000000e+00,0.000000000000e+00,0.000000000000e+00
A,S3,432,144,1,MG2V,1,38,7.868036283447e-08,1.027536446960e-04,1.271206983451e-04,2.545691028912e-04,0.198487841,0.198487841,2.748973448899e-04,1.271206983451e-04,0.000000000000e+00,0.000000000000e+00,0.000000000000e+00,0.000000000000e+00,0.000000000000e+00,0.000000000000e+00,0.000000000000e+00,0.000000000000e+00,0.000000000000e+00,0.000000000000e+00
A,S3,432,144,1,RMT3H,1,30,6.651915283124e-08,1.027537548998e-04,1.271225419391e-04,2.544644669085e-04,2.639035966,2.639035966,2.748862056119e-04,1.271225419391e-04,0.000000000000e+00,0.000000000000e+00,0.000000000000e+00,0.000000000000e+00,0.000000000000e+00,0.000000000000e+00,0.000000000000e+00,0.000000000000e+00,0.000000000000e+00,0.000000000000e+00
A,S3,432,144,4,SG_RBGS,1,24762,9.996290960320e-08,1.027539766309e-04,1.271207233886e-04,2.545990533998e-04,1.829406589,1.829406589,2.749016104783e-04,1.271207233886e-04,0.000000000000e+00,0.000000000000e+00,0.000000000000e+00,0.000000000000e+00,0.000000000000e+00,0.000000000000e+00,0.000000000000e+00,0.000000000000e+00,0.000000000000e+00,0.000000000000e+00
A,S3,432,144,4,MG3V,1,8,6.029018084403e-08,1.027533098663e-04,1.271206722201e-04,2.545394949176e-04,0.009637862,0.009637862,2.748930069141e-04,1.271206722201e-04,0.000000000000e+00,0.000000000000e+00,0.000000000000e+00,0.000000000000e+00,0.000000000000e+00,0.000000000000e+00,0.000000000000e+00,0.000000000000e+00,0.000000000000e+00,0.000000000000e+00
A,S3,432,144,4,MG2W,1,19,8.237016665401e-08,1.027537022459e-04,1.271207022455e-04,2.545742971312e-04,0.044043675,0.044043675,2.748980829932e-04,1.271207022455e-04,0.000000000000e+00,0.000000000000e+00,0.000000000000e+00,0.000000000000e+00,0.000000000000e+00,0.000000000000e+00,0.000000000000e+00,0.000000000000e+00,0.000000000000e+00,0.000000000000e+00
A,S3,432,144,4,MG2V,1,38,7.868036283447e-08,1.027536446960e-04,1.271206983451e-04,2.545691028912e-04,0.066755489,0.066755489,2.748973448899e-04,1.271206983451e-04,0.000000000000e+00,0.000000000000e+00,0.000000000000e+00,0.000000000000e+00,0.000000000000e+00,0.000000000000e+00,0.000000000000e+00,0.000000000000e+00,0.000000000000e+00,0.000000000000e+00
A,S3,432,144,4,RMT3H,1,30,6.651915283124e-08,1.027537548998e-04,1.271225419392e-04,2.544644669085e-04,0.720680647,0.720680647,2.748862056119e-04,1.271225419392e-04,0.000000000000e+00,0.000000000000e+00,0.000000000000e+00,0.000000000000e+00,0.000000000000e+00,0.000000000000e+00,0.000000000000e+00,0.000000000000e+00,0.000000000000e+00,0.000000000000e+00
A,S3,432,144,16,SG_RBGS,1,24762,9.996290960320e-08,1.027539766309e-04,1.271207233886e-04,2.545990533998e-04,0.759880960,0.759880960,2.749016104783e-04,1.271207233886e-04,0.000000000000e+00,0.000000000000e+00,0.000000000000e+00,0.000000000000e+00,0.000000000000e+00,0.000000000000e+00,0.000000000000e+00,0.000000000000e+00,0.000000000000e+00,0.000000000000e+00
A,S3,432,144,16,MG3V,1,8,6.029018084403e-08,1.027533098663e-04,1.271206722201e-04,2.545394949176e-04,0.006606080,0.006606080,2.748930069141e-04,1.271206722201e-04,0.000000000000e+00,0.000000000000e+00,0.000000000000e+00,0.000000000000e+00,0.000000000000e+00,0.000000000000e+00,0.000000000000e+00,0.000000000000e+00,0.000000000000e+00,0.000000000000e+00
A,S3,432,144,16,MG2W,1,19,8.237016665401e-08,1.027537022459e-04,1.271207022455e-04,2.545742971312e-04,0.029145330,0.029145330,2.748980829932e-04,1.271207022455e-04,0.000000000000e+00,0.000000000000e+00,0.000000000000e+00,0.000000000000e+00,0.000000000000e+00,0.000000000000e+00,0.000000000000e+00,0.000000000000e+00,0.000000000000e+00,0.000000000000e+00
A,S3,432,144,16,MG2V,1,38,7.868036283448e-08,1.027536446960e-04,1.271206983451e-04,2.545691028912e-04,0.041121822,0.041121822,2.748973448899e-04,1.271206983451e-04,0.000000000000e+00,0.000000000000e+00,0.000000000000e+00,0.000000000000e+00,0.000000000000e+00,0.000000000000e+00,0.000000000000e+00,0.000000000000e+00,0.000000000000e+00,0.000000000000e+00
A,S3,432,144,16,RMT3H,1,30,6.651915283124e-08,1.027537548998e-04,1.271225419392e-04,2.544644669085e-04,0.244395437,0.244395437,2.748862056119e-04,1.271225419392e-04,0.000000000000e+00,0.000000000000e+00,0.000000000000e+00,0.000000000000e+00,0.000000000000e+00,0.000000000000e+00,0.000000000000e+00,0.000000000000e+00,0.000000000000e+00,0.000000000000e+00
A,S2,216,72,2,SG_RBGS,1,6190,9.992957966853e-08,2.714277338540e-04,3.375197964176e-04,6.788224227616e-04,0.212892234,0.212892234,8.100017358007e-04,3.375197964176e-04,0.000000000000e+00,0.000000000000e+00,0.000000000000e+00,0.000000000000e+00,0.000000000000e+00,0.000000000000e+00,0.000000000000e+00,0.000000000000e+00,0.000000000000e+00,0.000000000000e+00
A,S2,216,72,2,MG3V,1,7,8.170531445472e-08,2.714246566828e-04,3.375195817565e-04,6.787209586078e-04,0.004390605,0.004390605,8.099782570718e-04,3.375195817565e-04,0.000000000000e+00,0.000000000000e+00,0.000000000000e+00,0.000000000000e+00,0.000000000000e+00,0.000000000000e+00,0.000000000000e+00,0.000000000000e+00,0.000000000000e+00,0.000000000000e+00
A,S2,216,72,2,MG2W,1,5,4.901880885269e-08,2.714266722493e-04,3.375197870011e-04,6.787710771239e-04,0.005451314,0.005451314,8.099910024592e-04,3.375197870011e-04,0.000000000000e+00,0.000000000000e+00,0.000000000000e+00,0.000000000000e+00,0.000000000000e+00,0.000000000000e+00,0.000000000000e+00,0.000000000000e+00,0.000000000000e+00,0.000000000000e+00
A,S2,216,72,2,MG2V,1,10,4.403488119790e-08,2.714266088732e-04,3.375197885892e-04,6.787676806688e-04,0.007990561,0.007990561,8.099904181858e-04,3.375197885892e-04,0.000000000000e+00,0.000000000000e+00,0.000000000000e+00,0.000000000000e+00,0.000000000000e+00,0.000000000000e+00,0.000000000000e+00,0.000000000000e+00,0.000000000000e+00,0.000000000000e+00
A,S2,216,72,2,RMT3H,1,28,7.822661966570e-08,2.714271170442e-04,3.375217044748e-04,6.787301684090e-04,0.259983916,0.259983916,8.099862673059e-04,3.375217044748e-04,0.000000000000e+00,0.000000000000e+00,0.000000000000e+00,0.000000000000e+00,0.000000000000e+00,0.000000000000e+00,0.000000000000e+00,0.000000000000e+00,0.000000000000e+00,0.000000000000e+00
A,S2,216,72,1,SG_RBGS,1,6190,9.992957966853e-08,2.714277338540e-04,3.375197964176e-04,6.788224227616e-04,0.385293931,0.385293931,8.100017358007e-04,3.375197964176e-04,0.000000000000e+00,0.000000000000e+00,0.000000000000e+00,0.000000000000e+00,0.000000000000e+00,0.000000000000e+00,0.000000000000e+00,0.000000000000e+00,0.000000000000e+00,0.000000000000e+00
A,S2,216,72,1,MG3V,1,7,8.170531445472e-08,2.714246566828e-04,3.375195817565e-04,6.787209586078e-04,0.006145969,0.006145969,8.099782570718e-04,3.375195817565e-04,0.000000000000e+00,0.000000000000e+00,0.000000000000e+00,0.000000000000e+00,0.000000000000e+00,0.000000000000e+00,0.000000000000e+00,0.000000000000e+00,0.000000000000e+00,0.000000000000e+00
A,S2,216,72,1,MG2W,1,5,4.901880885269e-08,2.714266722493e-04,3.375197870011e-04,6.787710771239e-04,0.007686429,0.007686429,8.099910024592e-04,3.375197870011e-04,0.000000000000e+00,0.000000000000e+00,0.000000000000e+00,0.000000000000e+00,0.000000000000e+00,0.000000000000e+00,0.000000000000e+00,0.000000000000e+00,0.000000000000e+00,0.000000000000e+00
A,S2,216,72,1,MG2V,1,10,4.403488119790e-08,2.714266088732e-04,3.375197885892e-04,6.787676806688e-04,0.012099870,0.012099870,8.099904181858e-04,3.375197885892e-04,0.000000000000e+00,0.000000000000e+00,0.000000000000e+00,0.000000000000e+00,0.000000000000e+00,0.000000000000e+00,0.000000000000e+00,0.000000000000e+00,0.000000000000e+00,0.000000000000e+00
A,S2,216,72,1,RMT3H,1,28,7.822661966570e-08,2.714271170442e-04,3.375217044748e-04,6.787301684090e-04,0.495894246,0.495894246,8.099862673059e-04,3.375217044748e-04,0.000000000000e+00,0.000000000000e+00,0.000000000000e+00,0.000000000000e+00,0.000000000000e+00,0.000000000000e+00,0.000000000000e+00,0.000000000000e+00,0.000000000000e+00,0.000000000000e+00
A,S2,216,72,4,SG_RBGS,1,6190,9.992957966853e-08,2.714277338540e-04,3.375197964176e-04,6.788224227616e-04,0.141685449,0.141685449,8.100017358007e-04,3.375197964176e-04,0.000000000000e+00,0.000000000000e+00,0.000000000000e+00,0.000000000000e+00,0.000000000000e+00,0.000000000000e+00,0.000000000000e+00,0.000000000000e+00,0.000000000000e+00,0.000000000000e+00
A,S2,216,72,4,MG3V,1,7,8.170531445472e-08,2.714246566828e-04,3.375195817565e-04,6.787209586078e-04,0.003589362,0.003589362,8.099782570718e-04,3.375195817565e-04,0.000000000000e+00,0.000000000000e+00,0.000000000000e+00,0.000000000000e+00,0.000000000000e+00,0.000000000000e+00,0.000000000000e+00,0.000000000000e+00,0.000000000000e+00,0.000000000000e+00
A,S2,216,72,4,MG2W,1,5,4.901880885269e-08,2.714266722493e-04,3.375197870011e-04,6.787710771239e-04,0.004768595,0.004768595,8.099910024592e-04,3.375197870011e-04,0.000000000000e+00,0.000000000000e+00,0.000000000000e+00,0.000000000000e+00,0.000000000000e+00,0.000000000000e+00,0.000000000000e+00,0.000000000000e+00,0.000000000000e+00,0.000000000000e+00
A,S2,216,72,4,MG2V,1,10,4.403488119790e-08,2.714266088732e-04,3.375197885892e-04,6.787676806688e-04,0.006654076,0.006654076,8.099904181858e-04,3.375197885892e-04,0.000000000000e+00,0.000000000000e+00,0.000000000000e+00,0.000000000000e+00,0.000000000000e+00,0.000000000000e+00,0.000000000000e+00,0.000000000000e+00,0.000000000000e+00,0.000000000000e+00
A,S2,216,72,4,RMT3H,1,28,7.822661966570e-08,2.714271170442e-04,3.375217044748e-04,6.787301684090e-04,0.148285449,0.148285449,8.099862673059e-04,3.375217044748e-04,0.000000000000e+00,0.000000000000e+00,0.000000000000e+00,0.000000000000e+00,0.000000000000e+00,0.000000000000e+00,0.000000000000e+00,0.000000000000e+00,0.000000000000e+00,0.000000000000e+00
A,S2,216,72,16,SG_RBGS,1,6190,9.992957966853e-08,2.714277338540e-04,3.375197964176e-04,6.788224227616e-04,0.101865761,0.101865761,8.100017358007e-04,3.375197964176e-04,0.000000000000e+00,0.000000000000e+00,0.000000000000e+00,0.000000000000e+00,0.000000000000e+00,0.000000000000e+00,0.000000000000e+00,0.000000000000e+00,0.000000000000e+00,0.000000000000e+00
A,S2,216,72,16,MG3V,1,7,8.170531445472e-08,2.714246566828e-04,3.375195817565e-04,6.787209586078e-04,0.003735311,0.003735311,8.099782570718e-04,3.375195817565e-04,0.000000000000e+00,0.000000000000e+00,0.000000000000e+00,0.000000000000e+00,0.000000000000e+00,0.000000000000e+00,0.000000000000e+00,0.000000000000e+00,0.000000000000e+00,0.000000000000e+00
A,S2,216,72,16,MG2W,1,5,4.901880885269e-08,2.714266722493e-04,3.375197870011e-04,6.787710771239e-04,0.005710587,0.005710587,8.099910024592e-04,3.375197870011e-04,0.000000000000e+00,0.000000000000e+00,0.000000000000e+00,0.000000000000e+00,0.000000000000e+00,0.000000000000e+00,0.000000000000e+00,0.000000000000e+00,0.000000000000e+00,0.000000000000e+00
A,S2,216,72,16,MG2V,1,10,4.403488119790e-08,2.714266088732e-04,3.375197885892e-04,6.787676806688e-04,0.007099919,0.007099919,8.099904181858e-04,3.375197885892e-04,0.000000000000e+00,0.000000000000e+00,0.000000000000e+00,0.000000000000e+00,0.000000000000e+00,0.000000000000e+00,0.000000000000e+00,0.000000000000e+00,0.000000000000e+00,0.000000000000e+00
A,S2,216,72,16,RMT3H,1,28,7.822661966570e-08,2.714271170442e-04,3.375217044748e-04,6.787301684090e-04,0.060868938,0.060868938,8.099862673059e-04,3.375217044748e-04,0.000000000000e+00,0.000000000000e+00,0.000000000000e+00,0.000000000000e+00,0.000000000000e+00,0.000000000000e+00,0.000000000000e+00,0.000000000000e+00,0.000000000000e+00,0.000000000000e+00
A,S2,108,36,2,SG_RBGS,1,1550,9.889140245809e-08,1.064910704374e-03,1.339175314105e-03,2.717004272181e-03,0.017771661,0.017771661,3.285463134900e-03,1.339175314105e-03,0.000000000000e+00,0.000000000000e+00,0.000000000000e+00,0.000000000000e+00,0.000000000000e+00,0.000000000000e+00,0.000000000000e+00,0.000000000000e+00,0.000000000000e+00,0.000000000000e+00
A,S2,108,36,2,MG3V,1,7,8.811828930581e-08,1.064889472296e-03,1.339154869143e-03,2.716848486550e-03,0.001732204,0.001732204,3.285359127254e-03,1.339154869143e-03,0.000000000000e+00,0.000000000000e+00,0.000000000000e+00,0.000000000000e+00,0.000000000000e+00,0.000000000000e+00,0.000000000000e+00,0.000000000000e+00,0.000000000000e+00,0.000000000000e+00
A,S2,108,36,2,MG2W,1,5,6.563673647550e-09,1.064907043186e-03,1.339175309679e-03,2.716880580229e-03,0.002626732,0.002626732,3.285444915663e-03,1.339175309679e-03,0.000000000000e+00,0.000000000000e+00,0.000000000000e+00,0.000000000000e+00,0.000000000000e+00,0.000000000000e+00,0.000000000000e+00,0.000000000000e+00,0.000000000000e+00,0.000000000000e+00
A,S2,108,36,2,MG2V,1,5,2.996264707329e-08,1.064905075576e-03,1.339173987957e-03,2.716882136694e-03,0.001587551,0.001587551,3.285438700120e-03,1.339173987957e-03,0.000000000000e+00,0.000000000000e+00,0.000000000000e+00,0.000000000000e+00,0.000000000000e+00,0.000000000000e+00,0.000000000000e+00,0.000000000000e+00,0.000000000000e+00,0.000000000000e+00
A,S2,108,36,2,RMT3H,1,26,8.060875886078e-08,1.064908725154e-03,1.339177552619e-03,2.716891006187e-03,0.049404897,0.049404897,3.285450026465e-03,1.339177552619e-03,0.000000000000e+00,0.000000000000e+00,0.000000000000e+00,0.000000000000e+00,0.000000000000e+00,0.000000000000e+00,0.000000000000e+00,0.000000000000e+00,0.000000000000e+00,0.000000000000e+00
A,S2,108,36,1,SG_RBGS,1,1550,9.889140245809e-08,1.064910704374e-03,1.339175314105e-03,2.717004272181e-03,0.025257178,0.025257178,3.285463134900e-03,1.339175314105e-03,0.000000000000e+00,0.000000000000e+00,0.000000000000e+00,0.000000000000e+00,0.000000000000e+00,0.000000000000e+00,0.000000000000e+00,0.000000000000e+00,0.000000000000e+00,0.000000000000e+00
A,S2,108,36,1,MG3V,1,7,8.811828930581e-08,1.064889472296e-03,1.339154869143e-03,2.716848486550e-03,0.001631394,0.001631394,3.285359127254e-03,1.339154869143e-03,0.000000000000e+00,0.000000000000e+00,0.000000000000e+00,0.000000000000e+00,0.000000000000e+00,0.000000000000e+00,0.000000000000e+00,0.000000000000e+00,0.000000000000e+00,0.000000000000e+00
A,S2,108,36,1,MG2W,1,5,6.563673647550e-09,1.064907043186e-03,1.339175309679e-03,2.716880580229e-03,0.002005592,0.002005592,3.285444915663e-03,1.339175309679e-03,0.000000000000e+00,0.000000000000e+00,0.000000000000e+00,0.000000000000e+00,0.000000000000e+00,0.000000000000e+00,0.000000000000e+00,0.000000000000e+00,0.000000000000e+00,0.000000000000e+00
A,S2,108,36,1,MG2V,1,5,2.996264707329e-08,1.064905075576e-03,1.339173987957e-03,2.716882136694e-03,0.001556717,0.001556717,3.285438700120e-03,1.339173987957e-03,0.000000000000e+00,0.000000000000e+00,0.000000000000e+00,0.000000000000e+00,0.000000000000e+00,0.000000000000e+00,0.000000000000e+00,0.000000000000e+00,0.000000000000e+00,0.000000000000e+00
A,S2,108,36,1,RMT3H,1,26,8.060875886078e-08,1.064908725154e-03,1.339177552619e-03,2.716891006187e-03,0.090345450,0.090345450,3.285450026465e-03,1.339177552619e-03,0.000000000000e+00,0.000000000000e+00,0.000000000000e+00,0.000000000000e+00,0.000000000000e+00,0.000000000000e+00,0.000000000000e+00,0.000000000000e+00,0.000000000000e+00,0.000000000000e+00
A,S2,108,36,4,SG_RBGS,1,1550,9.889140245809e-08,1.064910704374e-03,1.339175314105e-03,2.717004272181e-03,0.015272379,0.015272379,3.285463134900e-03,1.339175314105e-03,0.000000000000e+00,0.000000000000e+00,0.000000000000e+00,0.000000000000e+00,0.000000000000e+00,0.000000000000e+00,0.000000000000e+00,0.000000000000e+00,0.000000000000e+00,0.000000000000e+00
A,S2,108,36,4,MG3V,1,7,8.811828930581e-08,1.064889472296e-03,1.339154869143e-03,2.716848486550e-03,0.001928829,0.001928829,3.285359127254e-03,1.339154869143e-03,0.000000000000e+00,0.000000000000e+00,0.000000000000e+00,0.000000000000e+00,0.000000000000e+00,0.000000000000e+00,0.000000000000e+00,0.000000000000e+00,0.000000000000e+00,0.000000000000e+00
A,S2,108,36,4,MG2W,1,5,6.563673647550e-09,1.064907043186e-03,1.339175309679e-03,2.716880580229e-03,0.002816342,0.002816342,3.285444915663e-03,1.339175309679e-03,0.000000000000e+00,0.000000000000e+00,0.000000000000e+00,0.000000000000e+00,0.000000000000e+00,0.000000000000e+00,0.000000000000e+00,0.000000000000e+00,0.000000000000e+00,0.000000000000e+00
A,S2,108,36,4,MG2V,1,5,2.996264707329e-08,1.064905075576e-03,1.339173987957e-03,2.716882136694e-03,0.001667559,0.001667559,3.285438700120e-03,1.339173987957e-03,0.000000000000e+00,0.000000000000e+00,0.000000000000e+00,0.000000000000e+00,0.000000000000e+00,0.000000000000e+00,0.000000000000e+00,0.000000000000e+00,0.000000000000e+00,0.000000000000e+00
A,S2,108,36,4,RMT3H,1,26,8.060875886078e-08,1.064908725154e-03,1.339177552619e-03,2.716891006187e-03,0.037497707,0.037497707,3.285450026465e-03,1.339177552619e-03,0.000000000000e+00,0.000000000000e+00,0.000000000000e+00,0.000000000000e+00,0.000000000000e+00,0.000000000000e+00,0.000000000000e+00,0.000000000000e+00,0.000000000000e+00,0.000000000000e+00
A,S2,108,36,16,SG_RBGS,1,1550,9.889140245809e-08,1.064910704374e-03,1.339175314105e-03,2.717004272181e-03,0.018500667,0.018500667,3.285463134900e-03,1.339175314105e-03,0.000000000000e+00,0.000000000000e+00,0.000000000000e+00,0.000000000000e+00,0.000000000000e+00,0.000000000000e+00,0.000000000000e+00,0.000000000000e+00,0.000000000000e+00,0.000000000000e+00
A,S2,108,36,16,MG3V,1,7,8.811828930581e-08,1.064889472296e-03,1.339154869143e-03,2.716848486550e-03,0.002902780,0.002902780,3.285359127254e-03,1.339154869143e-03,0.000000000000e+00,0.000000000000e+00,0.000000000000e+00,0.000000000000e+00,0.000000000000e+00,0.000000000000e+00,0.000000000000e+00,0.000000000000e+00,0.000000000000e+00,0.000000000000e+00
A,S2,108,36,16,MG2W,1,5,6.563673647550e-09,1.064907043186e-03,1.339175309679e-03,2.716880580229e-03,0.004121948,0.004121948,3.285444915663e-03,1.339175309679e-03,0.000000000000e+00,0.000000000000e+00,0.000000000000e+00,0.000000000000e+00,0.000000000000e+00,0.000000000000e+00,0.000000000000e+00,0.000000000000e+00,0.000000000000e+00,0.000000000000e+00
A,S2,108,36,16,MG2V,1,5,2.996264707329e-08,1.064905075576e-03,1.339173987957e-03,2.716882136694e-03,0.002217829,0.002217829,3.285438700120e-03,1.339173987957e-03,0.000000000000e+00,0.000000000000e+00,0.000000000000e+00,0.000000000000e+00,0.000000000000e+00,0.000000000000e+00,0.000000000000e+00,0.000000000000e+00,0.000000000000e+00,0.000000000000e+00
A,S2,108,36,16,RMT3H,1,26,8.060875886078e-08,1.064908725154e-03,1.339177552619e-03,2.716891006187e-03,0.018637739,0.018637739,3.285450026465e-03,1.339177552619e-03,0.000000000000e+00,0.000000000000e+00,0.000000000000e+00,0.000000000000e+00,0.000000000000e+00,0.000000000000e+00,0.000000000000e+00,0.000000000000e+00,0.000000000000e+00,0.000000000000e+00
A,S2,864,288,2,SG_RBGS,1,99050,9.998661637203e-08,1.720637688803e-05,2.123453053196e-05,4.250140792039e-05,64.226397164,64.226397164,5.012301316089e-05,2.123453053196e-05,0.000000000000e+00,0.000000000000e+00,0.000000000000e+00,0.000000000000e+00,0.000000000000e+00,0.000000000000e+00,0.000000000000e+00,0.000000000000e+00,0.000000000000e+00,0.000000000000e+00
A,S2,864,288,2,MG3V,1,31,7.451556610426e-08,1.720618980163e-05,2.123444912609e-05,4.247741532737e-05,0.239494465,0.239494465,5.011759142136e-05,2.123444912609e-05,0.000000000000e+00,0.000000000000e+00,0.000000000000e+00,0.000000000000e+00,0.000000000000e+00,0.000000000000e+00,0.000000000000e+00,0.000000000000e+00,0.000000000000e+00,0.000000000000e+00
A,S2,864,288,2,MG2W,1,75,9.621089149841e-08,1.720634788817e-05,2.123451698990e-05,4.249786434030e-05,1.032809705,1.032809705,5.012220495500e-05,2.123451698990e-05,0.000000000000e+00,0.000000000000e+00,0.000000000000e+00,0.000000000000e+00,0.000000000000e+00,0.000000000000e+00,0.000000000000e+00,0.000000000000e+00,0.000000000000e+00,0.000000000000e+00
A,S2,864,288,2,MG2V,1,149,9.958587536363e-08,1.720637379288e-05,2.123452906840e-05,4.250103179615e-05,1.678267196,1.678267196,5.012292729807e-05,2.123452906840e-05,0.000000000000e+00,0.000000000000e+00,0.000000000000e+00,0.000000000000e+00,0.000000000000e+00,0.000000000000e+00,0.000000000000e+00,0.000000000000e+00,0.000000000000e+00,0.000000000000e+00
A,S2,864,288,2,RMT3H,1,32,5.277801011626e-08,1.720623860618e-05,2.123507768686e-05,4.241040623687e-05,5.863265306,5.863265306,5.010379851754e-05,2.123507768686e-05,0.000000000000e+00,0.000000000000e+00,0.000000000000e+00,0.000000000000e+00,0.000000000000e+00,0.000000000000e+00,0.000000000000e+00,0.000000000000e+00,0.000000000000e+00,0.000000000000e+00
A,S2,864,288,1,SG_RBGS,1,99050,9.998661637202e-08,1.720637688803e-05,2.123453053196e-05,4.250140792039e-05,148.841419488,148.841419488,5.012301316089e-05,2.123453053196e-05,0.000000000000e+00,0.000000000000e+00,0.000000000000e+00,0.000000000000e+00,0.000000000000e+00,0.000000000000e+00,0.000000000000e+00,0.000000000000e+00,0.000000000000e+00,0.000000000000e+00
A,S2,864,288,1,MG3V,1,31,7.451556610425e-08,1.720618980163e-05,2.123444912609e-05,4.247741532737e-05,0.459135922,0.459135922,5.011759142136e-05,2.123444912609e-05,0.000000000000e+00,0.000000000000e+00,0.000000000000e+00,0.000000000000e+00,0.000000000000e+00,0.000000000000e+00,0.000000000000e+00,0.000000000000e+00,0.000000000000e+00,0.000000000000e+00
A,S2,864,288,1,MG2W,1,75,9.621089149840e-08,1.720634788817e-05,2.123451698989e-05,4.249786434030e-05,1.946180681,1.946180681,5.012220495500e-05,2.123451698989e-05,0.000000000000e+00,0.000000000000e+00,0.000000000000e+00,0.000000000000e+00,0.000000000000e+00,0.000000000000e+00,0.000000000000e+00,0.000000000000e+00,0.000000000000e+00,0.000000000000e+00
A,S2,864,288,1,MG2V,1,149,9.958587536362e-08,1.720637379288e-05,2.123452906840e-05,4.250103179615e-05,3.119425476,3.119425476,5.012292729807e-05,2.123452906840e-05,0.000000000000e+00,0.000000000000e+00,0.000000000000e+00,0.000000000000e+00,0.000000000000e+00,0.000000000000e+00,0.000000000000e+00,0.000000000000e+00,0.000000000000e+00,0.000000000000e+00
A,S2,864,288,1,RMT3H,1,32,5.277801011626e-08,1.720623860618e-05,2.123507768686e-05,4.241040623687e-05,11.542888910,11.542888910,5.010379851754e-05,2.123507768686e-05,0.000000000000e+00,0.000000000000e+00,0.000000000000e+00,0.000000000000e+00,0.000000000000e+00,0.000000000000e+00,0.000000000000e+00,0.000000000000e+00,0.000000000000e+00,0.000000000000e+00
A,S2,864,288,4,SG_RBGS,1,99050,9.998661637204e-08,1.720637688803e-05,2.123453053196e-05,4.250140792039e-05,32.132648647,32.132648647,5.012301316089e-05,2.123453053196e-05,0.000000000000e+00,0.000000000000e+00,0.000000000000e+00,0.000000000000e+00,0.000000000000e+00,0.000000000000e+00,0.000000000000e+00,0.000000000000e+00,0.000000000000e+00,0.000000000000e+00
A,S2,864,288,4,MG3V,1,31,7.451556610426e-08,1.720618980163e-05,2.123444912609e-05,4.247741532737e-05,0.129743241,0.129743241,5.011759142136e-05,2.123444912609e-05,0.000000000000e+00,0.000000000000e+00,0.000000000000e+00,0.000000000000e+00,0.000000000000e+00,0.000000000000e+00,0.000000000000e+00,0.000000000000e+00,0.000000000000e+00,0.000000000000e+00
A,S2,864,288,4,MG2W,1,75,9.621089149842e-08,1.720634788817e-05,2.123451698990e-05,4.249786434030e-05,0.589929335,0.589929335,5.012220495500e-05,2.123451698990e-05,0.000000000000e+00,0.000000000000e+00,0.000000000000e+00,0.000000000000e+00,0.000000000000e+00,0.000000000000e+00,0.000000000000e+00,0.000000000000e+00,0.000000000000e+00,0.000000000000e+00
A,S2,864,288,4,MG2V,1,149,9.958587536364e-08,1.720637379288e-05,2.123452906840e-05,4.250103179615e-05,0.937192865,0.937192865,5.012292729807e-05,2.123452906840e-05,0.000000000000e+00,0.000000000000e+00,0.000000000000e+00,0.000000000000e+00,0.000000000000e+00,0.000000000000e+00,0.000000000000e+00,0.000000000000e+00,0.000000000000e+00,0.000000000000e+00
A,S2,864,288,4,RMT3H,1,32,5.277801011626e-08,1.720623860618e-05,2.123507768686e-05,4.241040623687e-05,3.012424506,3.012424506,5.010379851754e-05,2.123507768686e-05,0.000000000000e+00,0.000000000000e+00,0.000000000000e+00,0.000000000000e+00,0.000000000000e+00,0.000000000000e+00,0.000000000000e+00,0.000000000000e+00,0.000000000000e+00,0.000000000000e+00
A,S2,864,288,16,SG_RBGS,1,99050,9.998661637204e-08,1.720637688803e-05,2.123453053196e-05,4.250140792039e-05,8.536289468,8.536289468,5.012301316089e-05,2.123453053196e-05,0.000000000000e+00,0.000000000000e+00,0.000000000000e+00,0.000000000000e+00,0.000000000000e+00,0.000000000000e+00,0.000000000000e+00,0.000000000000e+00,0.000000000000e+00,0.000000000000e+00
A,S2,864,288,16,MG3V,1,31,7.451556610427e-08,1.720618980163e-05,2.123444912609e-05,4.247741532737e-05,0.050809756,0.050809756,5.011759142136e-05,2.123444912609e-05,0.000000000000e+00,0.000000000000e+00,0.000000000000e+00,0.000000000000e+00,0.000000000000e+00,0.000000000000e+00,0.000000000000e+00,0.000000000000e+00,0.000000000000e+00,0.000000000000e+00
A,S2,864,288,16,MG2W,1,75,9.621089149842e-08,1.720634788817e-05,2.123451698990e-05,4.249786434030e-05,0.265803933,0.265803933,5.012220495500e-05,2.123451698990e-05,0.000000000000e+00,0.000000000000e+00,0.000000000000e+00,0.000000000000e+00,0.000000000000e+00,0.000000000000e+00,0.000000000000e+00,0.000000000000e+00,0.000000000000e+00,0.000000000000e+00
A,S2,864,288,16,MG2V,1,149,9.958587536364e-08,1.720637379288e-05,2.123452906840e-05,4.250103179615e-05,0.395002164,0.395002164,5.012292729807e-05,2.123452906840e-05,0.000000000000e+00,0.000000000000e+00,0.000000000000e+00,0.000000000000e+00,0.000000000000e+00,0.000000000000e+00,0.000000000000e+00,0.000000000000e+00,0.000000000000e+00,0.000000000000e+00
A,S2,864,288,16,RMT3H,1,32,5.277801011626e-08,1.720623860618e-05,2.123507768686e-05,4.241040623687e-05,0.859939970,0.859939970,5.010379851754e-05,2.123507768686e-05,0.000000000000e+00,0.000000000000e+00,0.000000000000e+00,0.000000000000e+00,0.000000000000e+00,0.000000000000e+00,0.000000000000e+00,0.000000000000e+00,0.000000000000e+00,0.000000000000e+00
A,S2,1728,576,2,SG_RBGS,0,240000,1.042425387100e-05,8.306743148161e-06,1.063873562770e-05,2.428049343017e-05,790.594572023,790.594572023,2.898343500053e-05,1.063873562770e-05,0.000000000000e+00,0.000000000000e+00,0.000000000000e+00,0.000000000000e+00,0.000000000000e+00,0.000000000000e+00,0.000000000000e+00,0.000000000000e+00,0.000000000000e+00,0.000000000000e+00
A,S2,1728,576,2,MG3V,1,121,9.888984982086e-08,4.312515275157e-06,5.315361484573e-06,1.069516904528e-05,3.891129609,3.891129609,1.252631657503e-05,5.315361484573e-06,0.000000000000e+00,0.000000000000e+00,0.000000000000e+00,0.000000000000e+00,0.000000000000e+00,0.000000000000e+00,0.000000000000e+00,0.000000000000e+00,0.000000000000e+00,0.000000000000e+00
A,S2,1728,576,2,MG2W,1,300,9.620469509943e-08,4.312464538913e-06,5.315323261085e-06,1.069264358455e-05,17.674596727,17.674596727,1.252565788494e-05,5.315323261085e-06,0.000000000000e+00,0.000000000000e+00,0.000000000000e+00,0.000000000000e+00,0.000000000000e+00,0.000000000000e+00,0.000000000000e+00,0.000000000000e+00,0.000000000000e+00,0.000000000000e+00
A,S2,1728,576,2,MG2V,1,596,9.958226581217e-08,4.312529257485e-06,5.315372134673e-06,1.069587020797e-05,28.063759025,28.063759025,1.252649466947e-05,5.315372134673e-06,0.000000000000e+00,0.000000000000e+00,0.000000000000e+00,0.000000000000e+00,0.000000000000e+00,0.000000000000e+00,0.000000000000e+00,0.000000000000e+00,0.000000000000e+00,0.000000000000e+00
A,S2,1728,576,2,RMT3H,1,33,7.903484618536e-08,4.310814049896e-06,5.313678547150e-06,1.060082247362e-05,28.616685987,28.616685987,1.250350581595e-05,5.313678547150e-06,0.000000000000e+00,0.000000000000e+00,0.000000000000e+00,0.000000000000e+00,0.000000000000e+00,0.000000000000e+00,0.000000000000e+00,0.000000000000e+00,0.000000000000e+00,0.000000000000e+00
A,S2,1728,576,1,SG_RBGS,0,240000,1.042425387100e-05,8.306743148161e-06,1.063873562770e-05,2.428049343017e-05,1438.074953040,1438.074953040,2.898343500053e-05,1.063873562770e-05,0.000000000000e+00,0.000000000000e+00,0.000000000000e+00,0.000000000000e+00,0.000000000000e+00,0.000000000000e+00,0.000000000000e+00,0.000000000000e+00,0.000000000000e+00,0.000000000000e+00
A,S2,1728,576,1,MG3V,1,121,9.888984982083e-08,4.312515275157e-06,5.315361484573e-06,1.069516904528e-05,7.920345508,7.920345508,1.252631657503e-05,5.315361484573e-06,0.000000000000e+00,0.000000000000e+00,0.000000000000e+00,0.000000000000e+00,0.000000000000e+00,0.000000000000e+00,0.000000000000e+00,0.000000000000e+00,0.000000000000e+00,0.000000000000e+00
A,S2,1728,576,1,MG2W,1,300,9.620469509940e-08,4.312464538913e-06,5.315323261085e-06,1.069264358455e-05,34.999379873,34.999379873,1.252565788494e-05,5.315323261085e-06,0.000000000000e+00,0.000000000000e+00,0.000000000000e+00,0.000000000000e+00,0.000000000000e+00,0.000000000000e+00,0.000000000000e+00,0.000000000000e+00,0.000000000000e+00,0.000000000000e+00
A,S2,1728,576,1,MG2V,1,596,9.958226581214e-08,4.312529257485e-06,5.315372134673e-06,1.069587020797e-05,55.670671888,55.670671888,1.252649466947e-05,5.315372134673e-06,0.000000000000e+00,0.000000000000e+00,0.000000000000e+00,0.000000000000e+00,0.000000000000e+00,0.000000000000e+00,0.000000000000e+00,0.000000000000e+00,0.000000000000e+00,0.000000000000e+00
A,S2,1728,576,1,RMT3H,1,33,7.903484618534e-08,4.310814049896e-06,5.313678547150e-06,1.060082247362e-05,56.864029396,56.864029396,1.250350581595e-05,5.313678547150e-06,0.000000000000e+00,0.000000000000e+00,0.000000000000e+00,0.000000000000e+00,0.000000000000e+00,0.000000000000e+00,0.000000000000e+00,0.000000000000e+00,0.000000000000e+00,0.000000000000e+00
A,S2,1728,576,4,SG_RBGS,0,240000,1.042425387100e-05,8.306743148161e-06,1.063873562770e-05,2.428049343017e-05,325.594916392,325.594916392,2.898343500053e-05,1.063873562770e-05,0.000000000000e+00,0.000000000000e+00,0.000000000000e+00,0.000000000000e+00,0.000000000000e+00,0.000000000000e+00,0.000000000000e+00,0.000000000000e+00,0.000000000000e+00,0.000000000000e+00
A,S2,1728,576,4,MG3V,1,121,9.888984982086e-08,4.312515275157e-06,5.315361484573e-06,1.069516904528e-05,2.060170669,2.060170669,1.252631657503e-05,5.315361484573e-06,0.000000000000e+00,0.000000000000e+00,0.000000000000e+00,0.000000000000e+00,0.000000000000e+00,0.000000000000e+00,0.000000000000e+00,0.000000000000e+00,0.000000000000e+00,0.000000000000e+00
A,S2,1728,576,4,MG2W,1,300,9.620469509943e-08,4.312464538913e-06,5.315323261085e-06,1.069264358455e-05,8.843446940,8.843446940,1.252565788494e-05,5.315323261085e-06,0.000000000000e+00,0.000000000000e+00,0.000000000000e+00,0.000000000000e+00,0.000000000000e+00,0.000000000000e+00,0.000000000000e+00,0.000000000000e+00,0.000000000000e+00,0.000000000000e+00
A,S2,1728,576,4,MG2V,1,596,9.958226581218e-08,4.312529257485e-06,5.315372134673e-06,1.069587020797e-05,14.501604244,14.501604244,1.252649466947e-05,5.315372134673e-06,0.000000000000e+00,0.000000000000e+00,0.000000000000e+00,0.000000000000e+00,0.000000000000e+00,0.000000000000e+00,0.000000000000e+00,0.000000000000e+00,0.000000000000e+00,0.000000000000e+00
A,S2,1728,576,4,RMT3H,1,33,7.903484618537e-08,4.310814049896e-06,5.313678547150e-06,1.060082247362e-05,14.487220395,14.487220395,1.250350581595e-05,5.313678547150e-06,0.000000000000e+00,0.000000000000e+00,0.000000000000e+00,0.000000000000e+00,0.000000000000e+00,0.000000000000e+00,0.000000000000e+00,0.000000000000e+00,0.000000000000e+00,0.000000000000e+00
A,S2,1728,576,16,SG_RBGS,0,240000,1.042425387100e-05,8.306743148161e-06,1.063873562770e-05,2.428049343017e-05,95.244362660,95.244362660,2.898343500053e-05,1.063873562770e-05,0.000000000000e+00,0.000000000000e+00,0.000000000000e+00,0.000000000000e+00,0.000000000000e+00,0.000000000000e+00,0.000000000000e+00,0.000000000000e+00,0.000000000000e+00,0.000000000000e+00
A,S2,1728,576,16,MG3V,1,121,9.888984982088e-08,4.312515275157e-06,5.315361484573e-06,1.069516904528e-05,0.639436979,0.639436979,1.252631657503e-05,5.315361484573e-06,0.000000000000e+00,0.000000000000e+00,0.000000000000e+00,0.000000000000e+00,0.000000000000e+00,0.000000000000e+00,0.000000000000e+00,0.000000000000e+00,0.000000000000e+00,0.000000000000e+00
A,S2,1728,576,16,MG2W,1,300,9.620469509944e-08,4.312464538913e-06,5.315323261085e-06,1.069264358455e-05,3.178591359,3.178591359,1.252565788494e-05,5.315323261085e-06,0.000000000000e+00,0.000000000000e+00,0.000000000000e+00,0.000000000000e+00,0.000000000000e+00,0.000000000000e+00,0.000000000000e+00,0.000000000000e+00,0.000000000000e+00,0.000000000000e+00
A,S2,1728,576,16,MG2V,1,596,9.958226581219e-08,4.312529257485e-06,5.315372134673e-06,1.069587020797e-05,4.833779663,4.833779663,1.252649466947e-05,5.315372134673e-06,0.000000000000e+00,0.000000000000e+00,0.000000000000e+00,0.000000000000e+00,0.000000000000e+00,0.000000000000e+00,0.000000000000e+00,0.000000000000e+00,0.000000000000e+00,0.000000000000e+00
A,S2,1728,576,16,RMT3H,1,33,7.903484618538e-08,4.310814049896e-06,5.313678547150e-06,1.060082247362e-05,3.920128942,3.920128942,1.250350581595e-05,5.313678547150e-06,0.000000000000e+00,0.000000000000e+00,0.000000000000e+00,0.000000000000e+00,0.000000000000e+00,0.000000000000e+00,0.000000000000e+00,0.000000000000e+00,0.000000000000e+00,0.000000000000e+00
A,S2,432,144,2,SG_RBGS,1,24762,9.996290784905e-08,6.850265108731e-05,8.474714892579e-05,1.697327022659e-04,3.332312912,3.332312912,2.011203642425e-04,8.474714892579e-05,0.000000000000e+00,0.000000000000e+00,0.000000000000e+00,0.000000000000e+00,0.000000000000e+00,0.000000000000e+00,0.000000000000e+00,0.000000000000e+00,0.000000000000e+00,0.000000000000e+00
A,S2,432,144,2,MG3V,1,8,6.029018083751e-08,6.850220657706e-05,8.474711481280e-05,1.696929966123e-04,0.015279632,0.015279632,2.011116580259e-04,8.474711481280e-05,0.000000000000e+00,0.000000000000e+00,0.000000000000e+00,0.000000000000e+00,0.000000000000e+00,0.000000000000e+00,0.000000000000e+00,0.000000000000e+00,0.000000000000e+00,0.000000000000e+00
A,S2,432,144,2,MG2W,1,19,8.237016542145e-08,6.850246816373e-05,8.474713482992e-05,1.697161980847e-04,0.068399962,0.068399962,2.011167461464e-04,8.474713482992e-05,0.000000000000e+00,0.000000000000e+00,0.000000000000e+00,0.000000000000e+00,0.000000000000e+00,0.000000000000e+00,0.000000000000e+00,0.000000000000e+00,0.000000000000e+00,0.000000000000e+00
A,S2,432,144,2,MG2V,1,38,7.868036222280e-08,6.850242979764e-05,8.474713223047e-05,1.697127352629e-04,0.108164247,0.108164247,2.011159885299e-04,8.474713223047e-05,0.000000000000e+00,0.000000000000e+00,0.000000000000e+00,0.000000000000e+00,0.000000000000e+00,0.000000000000e+00,0.000000000000e+00,0.000000000000e+00,0.000000000000e+00,0.000000000000e+00
A,S2,432,144,2,RMT3H,1,30,6.651915339211e-08,6.850250326640e-05,8.474836129253e-05,1.696429779370e-04,1.353433203,1.353433203,2.011028599026e-04,8.474836129253e-05,0.000000000000e+00,0.000000000000e+00,0.000000000000e+00,0.000000000000e+00,0.000000000000e+00,0.000000000000e+00,0.000000000000e+00,0.000000000000e+00,0.000000000000e+00,0.000000000000e+00
A,S2,432,144,1,SG_RBGS,1,24762,9.996290784904e-08,6.850265108731e-05,8.474714892579e-05,1.697327022659e-04,7.918307230,7.918307230,2.011203642425e-04,8.474714892579e-05,0.000000000000e+00,0.000000000000e+00,0.000000000000e+00,0.000000000000e+00,0.000000000000e+00,0.000000000000e+00,0.000000000000e+00,0.000000000000e+00,0.000000000000e+00,0.000000000000e+00
A,S2,432,144,1,MG3V,1,8,6.029018083751e-08,6.850220657706e-05,8.474711481280e-05,1.696929966123e-04,0.030283533,0.030283533,2.011116580259e-04,8.474711481280e-05,0.000000000000e+00,0.000000000000e+00,0.000000000000e+00,0.000000000000e+00,0.000000000000e+00,0.000000000000e+00,0.000000000000e+00,0.000000000000e+00,0.000000000000e+00,0.000000000000e+00
A,S2,432,144,1,MG2W,1,19,8.237016542144e-08,6.850246816373e-05,8.474713482992e-05,1.697161980847e-04,0.122137114,0.122137114,2.011167461464e-04,8.474713482992e-05,0.000000000000e+00,0.000000000000e+00,0.000000000000e+00,0.000000000000e+00,0.000000000000e+00,0.000000000000e+00,0.000000000000e+00,0.000000000000e+00,0.000000000000e+00,0.000000000000e+00
A,S2,432,144,1,MG2V,1,38,7.868036222280e-08,6.850242979764e-05,8.474713223047e-05,1.697127352629e-04,0.197366372,0.197366372,2.011159885299e-04,8.474713223047e-05,0.000000000000e+00,0.000000000000e+00,0.000000000000e+00,0.000000000000e+00,0.000000000000e+00,0.000000000000e+00,0.000000000000e+00,0.000000000000e+00,0.000000000000e+00,0.000000000000e+00
A,S2,432,144,1,RMT3H,1,30,6.651915339210e-08,6.850250326640e-05,8.474836129253e-05,1.696429779370e-04,2.638991572,2.638991572,2.011028599026e-04,8.474836129253e-05,0.000000000000e+00,0.000000000000e+00,0.000000000000e+00,0.000000000000e+00,0.000000000000e+00,0.000000000000e+00,0.000000000000e+00,0.000000000000e+00,0.000000000000e+00,0.000000000000e+00
A,S2,432,144,4,SG_RBGS,1,24762,9.996290784905e-08,6.850265108731e-05,8.474714892579e-05,1.697327022659e-04,1.834208718,1.834208718,2.011203642425e-04,8.474714892579e-05,0.000000000000e+00,0.000000000000e+00,0.000000000000e+00,0.000000000000e+00,0.000000000000e+00,0.000000000000e+00,0.000000000000e+00,0.000000000000e+00,0.000000000000e+00,0.000000000000e+00
A,S2,432,144,4,MG3V,1,8,6.029018083752e-08,6.850220657706e-05,8.474711481280e-05,1.696929966123e-04,0.009646280,0.009646280,2.011116580259e-04,8.474711481280e-05,0.000000000000e+00,0.000000000000e+00,0.000000000000e+00,0.000000000000e+00,0.000000000000e+00,0.000000000000e+00,0.000000000000e+00,0.000000000000e+00,0.000000000000e+00,0.000000000000e+00
A,S2,432,144,4,MG2W,1,19,8.237016542145e-08,6.850246816373e-05,8.474713482992e-05,1.697161980847e-04,0.044728268,0.044728268,2.011167461464e-04,8.474713482992e-05,0.000000000000e+00,0.000000000000e+00,0.000000000000e+00,0.000000000000e+00,0.000000000000e+00,0.000000000000e+00,0.000000000000e+00,0.000000000000e+00,0.000000000000e+00,0.000000000000e+00
A,S2,432,144,4,MG2V,1,38,7.868036222280e-08,6.850242979764e-05,8.474713223047e-05,1.697127352629e-04,0.068351200,0.068351200,2.011159885299e-04,8.474713223047e-05,0.000000000000e+00,0.000000000000e+00,0.000000000000e+00,0.000000000000e+00,0.000000000000e+00,0.000000000000e+00,0.000000000000e+00,0.000000000000e+00,0.000000000000e+00,0.000000000000e+00
A,S2,432,144,4,RMT3H,1,30,6.651915339211e-08,6.850250326640e-05,8.474836129253e-05,1.696429779370e-04,0.721869195,0.721869195,2.011028599026e-04,8.474836129253e-05,0.000000000000e+00,0.000000000000e+00,0.000000000000e+00,0.000000000000e+00,0.000000000000e+00,0.000000000000e+00,0.000000000000e+00,0.000000000000e+00,0.000000000000e+00,0.000000000000e+00
A,S2,432,144,16,SG_RBGS,1,24762,9.996290784905e-08,6.850265108731e-05,8.474714892579e-05,1.697327022659e-04,0.764322303,0.764322303,2.011203642425e-04,8.474714892579e-05,0.000000000000e+00,0.000000000000e+00,0.000000000000e+00,0.000000000000e+00,0.000000000000e+00,0.000000000000e+00,0.000000000000e+00,0.000000000000e+00,0.000000000000e+00,0.000000000000e+00
A,S2,432,144,16,MG3V,1,8,6.029018083752e-08,6.850220657706e-05,8.474711481280e-05,1.696929966123e-04,0.006699800,0.006699800,2.011116580259e-04,8.474711481280e-05,0.000000000000e+00,0.000000000000e+00,0.000000000000e+00,0.000000000000e+00,0.000000000000e+00,0.000000000000e+00,0.000000000000e+00,0.000000000000e+00,0.000000000000e+00,0.000000000000e+00
A,S2,432,144,16,MG2W,1,19,8.237016542145e-08,6.850246816373e-05,8.474713482992e-05,1.697161980847e-04,0.029545955,0.029545955,2.011167461464e-04,8.474713482992e-05,0.000000000000e+00,0.000000000000e+00,0.000000000000e+00,0.000000000000e+00,0.000000000000e+00,0.000000000000e+00,0.000000000000e+00,0.000000000000e+00,0.000000000000e+00,0.000000000000e+00
A,S2,432,144,16,MG2V,1,38,7.868036222280e-08,6.850242979764e-05,8.474713223047e-05,1.697127352629e-04,0.040968820,0.040968820,2.011159885299e-04,8.474713223047e-05,0.000000000000e+00,0.000000000000e+00,0.000000000000e+00,0.000000000000e+00,0.000000000000e+00,0.000000000000e+00,0.000000000000e+00,0.000000000000e+00,0.000000000000e+00,0.000000000000e+00
A,S2,432,144,16,RMT3H,1,30,6.651915339211e-08,6.850250326640e-05,8.474836129253e-05,1.696429779370e-04,0.243071198,0.243071198,2.011028599026e-04,8.474836129253e-05,0.000000000000e+00,0.000000000000e+00,0.000000000000e+00,0.000000000000e+00,0.000000000000e+00,0.000000000000e+00,0.000000000000e+00,0.000000000000e+00,0.000000000000e+00,0.000000000000e+00
