benchmark,stiffness,Nx,Ny,threads,solver,converged,iterations,relative_residual,L1,L2,Linf,solve_wall_time,total_relevant_wall_time,continuity_metric,p_L2,u_L2,v_L2,YF_L2,YO_L2,YP_L2,h_L2,T_L2,rho_L2,T_rel_L2,rho_rel_L2,Qchem_rel_L2
D,S1,216,72,2,SG_RBGS,1,1830,9.864524971361e-08,7.310961784428e+03,1.961464356193e+04,1.189890995088e+05,0.216309067,0.216309067,0.000000000000e+00,0.000000000000e+00,0.000000000000e+00,0.000000000000e+00,0.000000000000e+00,0.000000000000e+00,0.000000000000e+00,1.961464356193e+04,1.618936628358e+01,8.735282968051e-03,3.339975156026e-02,8.648246216343e-03,2.242501034165e-01
D,S1,216,72,2,MG3V,1,13,9.110234827592e-08,7.310942885123e+03,1.961456938526e+04,1.189889004111e+05,0.281867875,0.281867875,0.000000000000e+00,0.000000000000e+00,0.000000000000e+00,0.000000000000e+00,0.000000000000e+00,0.000000000000e+00,0.000000000000e+00,1.961456938526e+04,1.618930472282e+01,8.735261168493e-03,3.339962455626e-02,8.648224633991e-03,2.242494584185e-01
D,S1,216,72,2,MG2W,1,11,3.256490020928e-08,7.310942903338e+03,1.961456951366e+04,1.189889012578e+05,0.504500121,0.504500121,0.000000000000e+00,0.000000000000e+00,0.000000000000e+00,0.000000000000e+00,0.000000000000e+00,0.000000000000e+00,0.000000000000e+00,1.961456951366e+04,1.618930483311e+01,8.735261225945e-03,3.339962478380e-02,8.648224690871e-03,2.242494593324e-01
D,S1,216,72,2,MG2V,1,11,4.691811952177e-08,7.310942909006e+03,1.961456953626e+04,1.189889014536e+05,0.430455888,0.430455888,0.000000000000e+00,0.000000000000e+00,0.000000000000e+00,0.000000000000e+00,0.000000000000e+00,0.000000000000e+00,0.000000000000e+00,1.961456953626e+04,1.618930485285e+01,8.735261238003e-03,3.339962482452e-02,8.648224702809e-03,2.242494594745e-01
D,S1,216,72,2,RMT3H,1,7,9.251007759904e-08,7.310945758956e+03,1.961458037012e+04,1.189889687219e+05,1.749473799,1.749473799,0.000000000000e+00,0.000000000000e+00,0.000000000000e+00,0.000000000000e+00,0.000000000000e+00,0.000000000000e+00,0.000000000000e+00,1.961458037012e+04,1.618931383339e+01,8.735264444831e-03,3.339964335198e-02,8.648227877685e-03,2.242495622559e-01
D,S1,216,72,1,SG_RBGS,1,1830,9.864524971361e-08,7.310961784428e+03,1.961464356193e+04,1.189890995088e+05,0.262138478,0.262138478,0.000000000000e+00,0.000000000000e+00,0.000000000000e+00,0.000000000000e+00,0.000000000000e+00,0.000000000000e+00,0.000000000000e+00,1.961464356193e+04,1.618936628358e+01,8.735282968051e-03,3.339975156026e-02,8.648246216343e-03,2.242501034165e-01
D,S1,216,72,1,MG3V,1,13,9.110234827592e-08,7.310942885123e+03,1.961456938526e+04,1.189889004111e+05,0.415539894,0.415539894,0.000000000000e+00,0.000000000000e+00,0.000000000000e+00,0.000000000000e+00,0.000000000000e+00,0.000000000000e+00,0.000000000000e+00,1.961456938526e+04,1.618930472282e+01,8.735261168493e-03,3.339962455626e-02,8.648224633991e-03,2.242494584185e-01
D,S1,216,72,1,MG2W,1,11,3.256490020928e-08,7.310942903338e+03,1.961456951366e+04,1.189889012578e+05,0.821014158,0.821014158,0.000000000000e+00,0.000000000000e+00,0.000000000000e+00,0.000000000000e+00,0.000000000000e+00,0.000000000000e+00,0.000000000000e+00,1.961456951366e+04,1.618930483311e+01,8.735261225945e-03,3.339962478380e-02,8.648224690871e-03,2.242494593324e-01
D,S1,216,72,1,MG2V,1,11,4.691811952177e-08,7.310942909006e+03,1.961456953626e+04,1.189889014536e+05,0.715762630,0.715762630,0.000000000000e+00,0.000000000000e+00,0.000000000000e+00,0.000000000000e+00,0.000000000000e+00,0.000000000000e+00,0.000000000000e+00,1.961456953626e+04,1.618930485285e+01,8.735261238003e-03,3.339962482452e-02,8.648224702809e-03,2.242494594745e-01
D,S1,216,72,1,RMT3H,1,7,9.251007759904e-08,7.310945758956e+03,1.961458037012e+04,1.189889687219e+05,3.222327854,3.222327854,0.000000000000e+00,0.000000000000e+00,0.000000000000e+00,0.000000000000e+00,0.000000000000e+00,0.000000000000e+00,0.000000000000e+00,1.961458037012e+04,1.618931383339e+01,8.735264444831e-03,3.339964335198e-02,8.648227877685e-03,2.242495622559e-01
D,S1,216,72,4,SG_RBGS,1,1830,9.864524971361e-08,7.310961784428e+03,1.961464356193e+04,1.189890995088e+05,0.192702271,0.192702271,0.000000000000e+00,0.000000000000e+00,0.000000000000e+00,0.000000000000e+00,0.000000000000e+00,0.000000000000e+00,0.000000000000e+00,1.961464356193e+04,1.618936628358e+01,8.735282968051e-03,3.339975156026e-02,8.648246216343e-03,2.242501034165e-01
D,S1,216,72,4,MG3V,1,13,9.110234827592e-08,7.310942885123e+03,1.961456938526e+04,1.189889004111e+05,0.227419961,0.227419961,0.000000000000e+00,0.000000000000e+00,0.000000000000e+00,0.000000000000e+00,0.000000000000e+00,0.000000000000e+00,0.000000000000e+00,1.961456938526e+04,1.618930472282e+01,8.735261168493e-03,3.339962455626e-02,8.648224633991e-03,2.242494584185e-01
D,S1,216,72,4,MG2W,1,11,3.256490020928e-08,7.310942903338e+03,1.961456951366e+04,1.189889012578e+05,0.336989950,0.336989950,0.000000000000e+00,0.000000000000e+00,0.000000000000e+00,0.000000000000e+00,0.000000000000e+00,0.000000000000e+00,0.000000000000e+00,1.961456951366e+04,1.618930483311e+01,8.735261225945e-03,3.339962478380e-02,8.648224690871e-03,2.242494593324e-01
D,S1,216,72,4,MG2V,1,11,4.691811952177e-08,7.310942909006e+03,1.961456953626e+04,1.189889014536e+05,0.306451976,0.306451976,0.000000000000e+00,0.000000000000e+00,0.000000000000e+00,0.000000000000e+00,0.000000000000e+00,0.000000000000e+00,0.000000000000e+00,1.961456953626e+04,1.618930485285e+01,8.735261238003e-03,3.339962482452e-02,8.648224702809e-03,2.242494594745e-01
D,S1,216,72,4,RMT3H,1,7,9.251007759904e-08,7.310945758956e+03,1.961458037012e+04,1.189889687219e+05,0.959537532,0.959537532,0.000000000000e+00,0.000000000000e+00,0.000000000000e+00,0.000000000000e+00,0.000000000000e+00,0.000000000000e+00,0.000000000000e+00,1.961458037012e+04,1.618931383339e+01,8.735264444831e-03,3.339964335198e-02,8.648227877685e-03,2.242495622559e-01
D,S1,216,72,16,SG_RBGS,1,1830,9.864524971361e-08,7.310961784428e+03,1.961464356193e+04,1.189890995088e+05,0.183924925,0.183924925,0.000000000000e+00,0.000000000000e+00,0.000000000000e+00,0.000000000000e+00,0.000000000000e+00,0.000000000000e+00,0.000000000000e+00,1.961464356193e+04,1.618936628358e+01,8.735282968051e-03,3.339975156026e-02,8.648246216343e-03,2.242501034165e-01
D,S1,216,72,16,MG3V,1,13,9.110234827592e-08,7.310942885123e+03,1.961456938526e+04,1.189889004111e+05,0.173031831,0.173031831,0.000000000000e+00,0.000000000000e+00,0.000000000000e+00,0.000000000000e+00,0.000000000000e+00,0.000000000000e+00,0.000000000000e+00,1.961456938526e+04,1.618930472282e+01,8.735261168493e-03,3.339962455626e-02,8.648224633991e-03,2.242494584185e-01
D,S1,216,72,16,MG2W,1,11,3.256490020928e-08,7.310942903338e+03,1.961456951366e+04,1.189889012578e+05,0.206998022,0.206998022,0.000000000000e+00,0.000000000000e+00,0.000000000000e+00,0.000000000000e+00,0.000000000000e+00,0.000000000000e+00,0.000000000000e+00,1.961456951366e+04,1.618930483311e+01,8.735261225945e-03,3.339962478380e-02,8.648224690871e-03,2.242494593324e-01
D,S1,216,72,16,MG2V,1,11,4.691811952177e-08,7.310942909006e+03,1.961456953626e+04,1.189889014536e+05,0.195952818,0.195952818,0.000000000000e+00,0.000000000000e+00,0.000000000000e+00,0.000000000000e+00,0.000000000000e+00,0.000000000000e+00,0.000000000000e+00,1.961456953626e+04,1.618930485285e+01,8.735261238003e-03,3.339962482452e-02,8.648224702809e-03,2.242494594745e-01
D,S1,216,72,16,RMT3H,1,7,9.251007759904e-08,7.310945758956e+03,1.961458037012e+04,1.189889687219e+05,0.361476151,0.361476151,0.000000000000e+00,0.000000000000e+00,0.000000000000e+00,0.000000000000e+00,0.000000000000e+00,0.000000000000e+00,0.000000000000e+00,1.961458037012e+04,1.618931383339e+01,8.735264444831e-03,3.339964335198e-02,8.648227877685e-03,2.242495622559e-01
D,S1,108,36,2,SG_RBGS,1,494,9.992571901453e-08,1.379232927339e+04,3.683333200102e+04,2.242798096738e+05,0.043522147,0.043522147,0.000000000000e+00,0.000000000000e+00,0.000000000000e+00,0.000000000000e+00,0.000000000000e+00,0.000000000000e+00,0.000000000000e+00,3.683333200102e+04,3.058164255153e+01,1.727690102274e-02,6.316596117789e-02,1.709319716377e-02,3.709934770494e-01
D,S1,108,36,2,MG3V,1,11,3.334098485891e-08,1.379231098446e+04,3.683326109971e+04,2.242791883471e+05,0.064693188,0.064693188,0.000000000000e+00,0.000000000000e+00,0.000000000000e+00,0.000000000000e+00,0.000000000000e+00,0.000000000000e+00,0.000000000000e+00,3.683326109971e+04,3.058158298997e+01,1.727687602363e-02,6.316583815430e-02,1.709317243047e-02,3.709930278801e-01
D,S1,108,36,2,MG2W,1,8,9.351521255672e-09,1.379231047615e+04,3.683326017471e+04,2.242791863147e+05,0.098668998,0.098668998,0.000000000000e+00,0.000000000000e+00,0.000000000000e+00,0.000000000000e+00,0.000000000000e+00,0.000000000000e+00,0.000000000000e+00,3.683326017471e+04,3.058158217457e+01,1.727687521048e-02,6.316583647010e-02,1.709317162597e-02,3.709930230657e-01
D,S1,108,36,2,MG2V,1,8,8.115682905775e-08,1.379231156416e+04,3.683326440962e+04,2.242792205914e+05,0.087007655,0.087007655,0.000000000000e+00,0.000000000000e+00,0.000000000000e+00,0.000000000000e+00,0.000000000000e+00,0.000000000000e+00,0.000000000000e+00,3.683326440962e+04,3.058158586207e+01,1.727687760165e-02,6.316584408660e-02,1.709317399171e-02,3.709930405725e-01
D,S1,108,36,2,RMT3H,1,6,1.292760664798e-08,1.379231066562e+04,3.683326072098e+04,2.242791914824e+05,0.293590166,0.293590166,0.000000000000e+00,0.000000000000e+00,0.000000000000e+00,0.000000000000e+00,0.000000000000e+00,0.000000000000e+00,0.000000000000e+00,3.683326072098e+04,3.058158262989e+01,1.727687542545e-02,6.316583741056e-02,1.709317183865e-02,3.709930264974e-01
D,S1,108,36,1,SG_RBGS,1,494,9.992571901453e-08,1.379232927339e+04,3.683333200102e+04,2.242798096738e+05,0.045519257,0.045519257,0.000000000000e+00,0.000000000000e+00,0.000000000000e+00,0.000000000000e+00,0.000000000000e+00,0.000000000000e+00,0.000000000000e+00,3.683333200102e+04,3.058164255153e+01,1.727690102274e-02,6.316596117789e-02,1.709319716377e-02,3.709934770494e-01
D,S1,108,36,1,MG3V,1,11,3.334098485891e-08,1.379231098446e+04,3.683326109971e+04,2.242791883471e+05,0.088991063,0.088991063,0.000000000000e+00,0.000000000000e+00,0.000000000000e+00,0.000000000000e+00,0.000000000000e+00,0.000000000000e+00,0.000000000000e+00,3.683326109971e+04,3.058158298997e+01,1.727687602363e-02,6.316583815430e-02,1.709317243047e-02,3.709930278801e-01
D,S1,108,36,1,MG2W,1,8,9.351521255672e-09,1.379231047615e+04,3.683326017471e+04,2.242791863147e+05,0.157032577,0.157032577,0.000000000000e+00,0.000000000000e+00,0.000000000000e+00,0.000000000000e+00,0.000000000000e+00,0.000000000000e+00,0.000000000000e+00,3.683326017471e+04,3.058158217457e+01,1.727687521048e-02,6.316583647010e-02,1.709317162597e-02,3.709930230657e-01
D,S1,108,36,1,MG2V,1,8,8.115682905775e-08,1.379231156416e+04,3.683326440962e+04,2.242792205914e+05,0.135607027,0.135607027,0.000000000000e+00,0.000000000000e+00,0.000000000000e+00,0.000000000000e+00,0.000000000000e+00,0.000000000000e+00,0.000000000000e+00,3.683326440962e+04,3.058158586207e+01,1.727687760165e-02,6.316584408660e-02,1.709317399171e-02,3.709930405725e-01
D,S1,108,36,1,RMT3H,1,6,1.292760664798e-08,1.379231066562e+04,3.683326072098e+04,2.242791914824e+05,0.534813458,0.534813458,0.000000000000e+00,0.000000000000e+00,0.000000000000e+00,0.000000000000e+00,0.000000000000e+00,0.000000000000e+00,0.000000000000e+00,3.683326072098e+04,3.058158262989e+01,1.727687542545e-02,6.316583741056e-02,1.709317183865e-02,3.709930264974e-01
D,S1,108,36,4,SG_RBGS,1,494,9.992571901453e-08,1.379232927339e+04,3.683333200102e+04,2.242798096738e+05,0.041413203,0.041413203,0.000000000000e+00,0.000000000000e+00,0.000000000000e+00,0.000000000000e+00,0.000000000000e+00,0.000000000000e+00,0.000000000000e+00,3.683333200102e+04,3.058164255153e+01,1.727690102274e-02,6.316596117789e-02,1.709319716377e-02,3.709934770494e-01
D,S1,108,36,4,MG3V,1,11,3.334098485891e-08,1.379231098446e+04,3.683326109971e+04,2.242791883471e+05,0.055299152,0.055299152,0.000000000000e+00,0.000000000000e+00,0.000000000000e+00,0.000000000000e+00,0.000000000000e+00,0.000000000000e+00,0.000000000000e+00,3.683326109971e+04,3.058158298997e+01,1.727687602363e-02,6.316583815430e-02,1.709317243047e-02,3.709930278801e-01
D,S1,108,36,4,MG2W,1,8,9.351521255672e-09,1.379231047615e+04,3.683326017471e+04,2.242791863147e+05,0.074121296,0.074121296,0.000000000000e+00,0.000000000000e+00,0.000000000000e+00,0.000000000000e+00,0.000000000000e+00,0.000000000000e+00,0.000000000000e+00,3.683326017471e+04,3.058158217457e+01,1.727687521048e-02,6.316583647010e-02,1.709317162597e-02,3.709930230657e-01
D,S1,108,36,4,MG2V,1,8,8.115682905775e-08,1.379231156416e+04,3.683326440962e+04,2.242792205914e+05,0.066671979,0.066671979,0.000000000000e+00,0.000000000000e+00,0.000000000000e+00,0.000000000000e+00,0.000000000000e+00,0.000000000000e+00,0.000000000000e+00,3.683326440962e+04,3.058158586207e+01,1.727687760165e-02,6.316584408660e-02,1.709317399171e-02,3.709930405725e-01
D,S1,108,36,4,RMT3H,1,6,1.292760664798e-08,1.379231066562e+04,3.683326072098e+04,2.242791914824e+05,0.166524760,0.166524760,0.000000000000e+00,0.000000000000e+00,0.000000000000e+00,0.000000000000e+00,0.000000000000e+00,0.000000000000e+00,0.000000000000e+00,3.683326072098e+04,3.058158262989e+01,1.727687542545e-02,6.316583741056e-02,1.709317183865e-02,3.709930264974e-01
D,S1,108,36,16,SG_RBGS,1,494,9.992571901453e-08,1.379232927339e+04,3.683333200102e+04,2.242798096738e+05,0.042663971,0.042663971,0.000000000000e+00,0.000000000000e+00,0.000000000000e+00,0.000000000000e+00,0.000000000000e+00,0.000000000000e+00,0.000000000000e+00,3.683333200102e+04,3.058164255153e+01,1.727690102274e-02,6.316596117789e-02,1.709319716377e-02,3.709934770494e-01
D,S1,108,36,16,MG3V,1,11,3.334098485891e-08,1.379231098446e+04,3.683326109971e+04,2.242791883471e+05,0.045328200,0.045328200,0.000000000000e+00,0.000000000000e+00,0.000000000000e+00,0.000000000000e+00,0.000000000000e+00,0.000000000000e+00,0.000000000000e+00,3.683326109971e+04,3.058158298997e+01,1.727687602363e-02,6.316583815430e-02,1.709317243047e-02,3.709930278801e-01
D,S1,108,36,16,MG2W,1,8,9.351521255672e-09,1.379231047615e+04,3.683326017471e+04,2.242791863147e+05,0.051675776,0.051675776,0.000000000000e+00,0.000000000000e+00,0.000000000000e+00,0.000000000000e+00,0.000000000000e+00,0.000000000000e+00,0.000000000000e+00,3.683326017471e+04,3.058158217457e+01,1.727687521048e-02,6.316583647010e-02,1.709317162597e-02,3.709930230657e-01
D,S1,108,36,16,MG2V,1,8,8.115682905775e-08,1.379231156416e+04,3.683326440962e+04,2.242792205914e+05,0.048314640,0.048314640,0.000000000000e+00,0.000000000000e+00,0.000000000000e+00,0.000000000000e+00,0.000000000000e+00,0.000000000000e+00,0.000000000000e+00,3.683326440962e+04,3.058158586207e+01,1.727687760165e-02,6.316584408660e-02,1.709317399171e-02,3.709930405725e-01
D,S1,108,36,16,RMT3H,1,6,1.292760664798e-08,1.379231066562e+04,3.683326072098e+04,2.242791914824e+05,0.073121337,0.073121337,0.000000000000e+00,0.000000000000e+00,0.000000000000e+00,0.000000000000e+00,0.000000000000e+00,0.000000000000e+00,0.000000000000e+00,3.683326072098e+04,3.058158262989e+01,1.727687542545e-02,6.316583741056e-02,1.709317183865e-02,3.709930264974e-01
D,S1,864,288,2,SG_RBGS,1,27354,9.999162523987e-08,1.915290766006e+03,5.178969366112e+03,3.361965233341e+04,20.300764114,20.300764114,0.000000000000e+00,0.000000000000e+00,0.000000000000e+00,0.000000000000e+00,0.000000000000e+00,0.000000000000e+00,0.000000000000e+00,5.178969366112e+03,4.252815542779e+00,2.212037968077e-03,8.766129692826e-03,2.191117480722e-03,6.622331738448e-02
D,S1,864,288,2,MG3V,1,20,8.608401656760e-08,1.915271169744e+03,5.178891556493e+03,3.361946610490e+04,5.714280840,5.714280840,0.000000000000e+00,0.000000000000e+00,0.000000000000e+00,0.000000000000e+00,0.000000000000e+00,0.000000000000e+00,0.000000000000e+00,5.178891556493e+03,4.252751640901e+00,2.212018357261e-03,8.765997974875e-03,2.191098055377e-03,6.622244370327e-02
D,S1,864,288,2,MG2W,1,23,7.596641869184e-08,1.915282064178e+03,5.178934831128e+03,3.361957222906e+04,14.315715175,14.315715175,0.000000000000e+00,0.000000000000e+00,0.000000000000e+00,0.000000000000e+00,0.000000000000e+00,0.000000000000e+00,0.000000000000e+00,5.178934831128e+03,4.252787200945e+00,2.212029384621e-03,8.766071273130e-03,2.191108978445e-03,6.622292964575e-02
D,S1,864,288,2,MG2V,1,45,8.992219050410e-08,1.915285555449e+03,5.178948647758e+03,3.361960700684e+04,21.230621085,21.230621085,0.000000000000e+00,0.000000000000e+00,0.000000000000e+00,0.000000000000e+00,0.000000000000e+00,0.000000000000e+00,0.000000000000e+00,5.178948647758e+03,4.252798548235e+00,2.212032860504e-03,8.766094662768e-03,2.191112421455e-03,6.622308541592e-02
D,S1,864,288,2,RMT3H,1,12,3.416112416716e-08,1.915271601197e+03,5.178893355985e+03,3.361948496686e+04,57.397578146,57.397578146,0.000000000000e+00,0.000000000000e+00,0.000000000000e+00,0.000000000000e+00,0.000000000000e+00,0.000000000000e+00,0.000000000000e+00,5.178893355985e+03,4.252753083601e+00,2.212018618446e-03,8.766000948644e-03,2.191098314092e-03,6.622247069940e-02
D,S1,864,288,1,SG_RBGS,1,27354,9.999162523987e-08,1.915290766006e+03,5.178969366112e+03,3.361965233341e+04,38.042238373,38.042238373,0.000000000000e+00,0.000000000000e+00,0.000000000000e+00,0.000000000000e+00,0.000000000000e+00,0.000000000000e+00,0.000000000000e+00,5.178969366112e+03,4.252815542779e+00,2.212037968077e-03,8.766129692826e-03,2.191117480722e-03,6.622331738448e-02
D,S1,864,288,1,MG3V,1,20,8.608401656759e-08,1.915271169744e+03,5.178891556492e+03,3.361946610490e+04,9.002029372,9.002029372,0.000000000000e+00,0.000000000000e+00,0.000000000000e+00,0.000000000000e+00,0.000000000000e+00,0.000000000000e+00,0.000000000000e+00,5.178891556492e+03,4.252751640901e+00,2.212018357261e-03,8.765997974875e-03,2.191098055377e-03,6.622244370327e-02
D,S1,864,288,1,MG2W,1,23,7.596641869183e-08,1.915282064178e+03,5.178934831128e+03,3.361957222906e+04,25.419841595,25.419841595,0.000000000000e+00,0.000000000000e+00,0.000000000000e+00,0.000000000000e+00,0.000000000000e+00,0.000000000000e+00,0.000000000000e+00,5.178934831128e+03,4.252787200945e+00,2.212029384621e-03,8.766071273130e-03,2.191108978445e-03,6.622292964575e-02
D,S1,864,288,1,MG2V,1,45,8.992219050410e-08,1.915285555449e+03,5.178948647758e+03,3.361960700684e+04,40.315049641,40.315049641,0.000000000000e+00,0.000000000000e+00,0.000000000000e+00,0.000000000000e+00,0.000000000000e+00,0.000000000000e+00,0.000000000000e+00,5.178948647758e+03,4.252798548235e+00,2.212032860504e-03,8.766094662768e-03,2.191112421455e-03,6.622308541592e-02
D,S1,864,288,1,RMT3H,1,12,3.416112416716e-08,1.915271601197e+03,5.178893355985e+03,3.361948496686e+04,106.820937105,106.820937105,0.000000000000e+00,0.000000000000e+00,0.000000000000e+00,0.000000000000e+00,0.000000000000e+00,0.000000000000e+00,0.000000000000e+00,5.178893355985e+03,4.252753083601e+00,2.212018618446e-03,8.766000948644e-03,2.191098314092e-03,6.622247069940e-02
D,S1,864,288,4,SG_RBGS,1,27354,9.999162523987e-08,1.915290766006e+03,5.178969366112e+03,3.361965233341e+04,11.382237531,11.382237531,0.000000000000e+00,0.000000000000e+00,0.000000000000e+00,0.000000000000e+00,0.000000000000e+00,0.000000000000e+00,0.000000000000e+00,5.178969366112e+03,4.252815542779e+00,2.212037968077e-03,8.766129692826e-03,2.191117480722e-03,6.622331738448e-02
D,S1,864,288,4,MG3V,1,20,8.608401656760e-08,1.915271169744e+03,5.178891556493e+03,3.361946610490e+04,4.163275503,4.163275503,0.000000000000e+00,0.000000000000e+00,0.000000000000e+00,0.000000000000e+00,0.000000000000e+00,0.000000000000e+00,0.000000000000e+00,5.178891556493e+03,4.252751640901e+00,2.212018357261e-03,8.765997974875e-03,2.191098055377e-03,6.622244370327e-02
D,S1,864,288,4,MG2W,1,23,7.596641869184e-08,1.915282064178e+03,5.178934831128e+03,3.361957222906e+04,8.407708123,8.407708123,0.000000000000e+00,0.000000000000e+00,0.000000000000e+00,0.000000000000e+00,0.000000000000e+00,0.000000000000e+00,0.000000000000e+00,5.178934831128e+03,4.252787200945e+00,2.212029384621e-03,8.766071273130e-03,2.191108978445e-03,6.622292964575e-02
D,S1,864,288,4,MG2V,1,45,8.992219050410e-08,1.915285555449e+03,5.178948647758e+03,3.361960700684e+04,11.959287353,11.959287353,0.000000000000e+00,0.000000000000e+00,0.000000000000e+00,0.000000000000e+00,0.000000000000e+00,0.000000000000e+00,0.000000000000e+00,5.178948647758e+03,4.252798548235e+00,2.212032860504e-03,8.766094662768e-03,2.191112421455e-03,6.622308541592e-02
D,S1,864,288,4,RMT3H,1,12,3.416112416716e-08,1.915271601197e+03,5.178893355985e+03,3.361948496686e+04,30.067631401,30.067631401,0.000000000000e+00,0.000000000000e+00,0.000000000000e+00,0.000000000000e+00,0.000000000000e+00,0.000000000000e+00,0.000000000000e+00,5.178893355985e+03,4.252753083601e+00,2.212018618446e-03,8.766000948644e-03,2.191098314092e-03,6.622247069940e-02
D,S1,864,288,16,SG_RBGS,1,27354,9.999162523987e-08,1.915290766006e+03,5.178969366112e+03,3.361965233341e+04,4.774825454,4.774825454,0.000000000000e+00,0.000000000000e+00,0.000000000000e+00,0.000000000000e+00,0.000000000000e+00,0.000000000000e+00,0.000000000000e+00,5.178969366112e+03,4.252815542779e+00,2.212037968077e-03,8.766129692826e-03,2.191117480722e-03,6.622331738448e-02
D,S1,864,288,16,MG3V,1,20,8.608401656760e-08,1.915271169744e+03,5.178891556493e+03,3.361946610490e+04,2.818690524,2.818690524,0.000000000000e+00,0.000000000000e+00,0.000000000000e+00,0.000000000000e+00,0.000000000000e+00,0.000000000000e+00,0.000000000000e+00,5.178891556493e+03,4.252751640901e+00,2.212018357261e-03,8.765997974875e-03,2.191098055377e-03,6.622244370327e-02
D,S1,864,288,16,MG2W,1,23,7.596641869184e-08,1.915282064178e+03,5.178934831128e+03,3.361957222906e+04,3.956601597,3.956601597,0.000000000000e+00,0.000000000000e+00,0.000000000000e+00,0.000000000000e+00,0.000000000000e+00,0.000000000000e+00,0.000000000000e+00,5.178934831128e+03,4.252787200945e+00,2.212029384621e-03,8.766071273130e-03,2.191108978445e-03,6.622292964575e-02
D,S1,864,288,16,MG2V,1,45,8.992219050410e-08,1.915285555449e+03,5.178948647758e+03,3.361960700684e+04,4.862583205,4.862583205,0.000000000000e+00,0.000000000000e+00,0.000000000000e+00,0.000000000000e+00,0.000000000000e+00,0.000000000000e+00,0.000000000000e+00,5.178948647758e+03,4.252798548235e+00,2.212032860504e-03,8.766094662768e-03,2.191112421455e-03,6.622308541592e-02
D,S1,864,288,16,RMT3H,1,12,3.416112416716e-08,1.915271601197e+03,5.178893355985e+03,3.361948496686e+04,9.429005153,9.429005153,0.000000000000e+00,0.000000000000e+00,0.000000000000e+00,0.000000000000e+00,0.000000000000e+00,0.000000000000e+00,0.000000000000e+00,5.178893355985e+03,4.252753083601e+00,2.212018618446e-03,8.766000948644e-03,2.191098314092e-03,6.622247069940e-02
D,S1,1728,576,2,SG_RBGS,1,108078,9.998331031454e-08,9.654335333249e+02,2.615378319453e+03,1.719907972362e+04,359.169311844,359.169311844,0.000000000000e+00,0.000000000000e+00,0.000000000000e+00,0.000000000000e+00,0.000000000000e+00,0.000000000000e+00,0.000000000000e+00,2.615378319453e+03,2.145687131982e+00,1.108974639849e-03,4.422155826501e-03,1.098580425381e-03,3.413676945602e-02
D,S1,1728,576,2,MG3V,1,38,7.291216929178e-08,9.654232676084e+02,2.615337536233e+03,1.719898595111e+04,34.928963754,34.928963754,0.000000000000e+00,0.000000000000e+00,0.000000000000e+00,0.000000000000e+00,0.000000000000e+00,0.000000000000e+00,0.000000000000e+00,2.615337536233e+03,2.145653721056e+00,1.108964745232e-03,4.422086968222e-03,1.098570623504e-03,3.413629112567e-02
D,S1,1728,576,2,MG2W,1,86,8.349314056781e-08,9.654296877757e+02,2.615362971673e+03,1.719904683715e+04,183.603358630,183.603358630,0.000000000000e+00,0.000000000000e+00,0.000000000000e+00,0.000000000000e+00,0.000000000000e+00,0.000000000000e+00,0.000000000000e+00,2.615362971673e+03,2.145674558205e+00,1.108970906618e-03,4.422129912563e-03,1.098576727141e-03,3.413659022387e-02
D,S1,1728,576,2,MG2V,1,170,9.352225847191e-08,9.654317151604e+02,2.615371019549e+03,1.719906630947e+04,302.481083963,302.481083963,0.000000000000e+00,0.000000000000e+00,0.000000000000e+00,0.000000000000e+00,0.000000000000e+00,0.000000000000e+00,0.000000000000e+00,2.615371019549e+03,2.145681155823e+00,1.108972882844e-03,4.422143509930e-03,1.098578684844e-03,3.413668484313e-02
D,S1,1728,576,2,RMT3H,1,19,4.089581278011e-08,9.654136053728e+02,2.615299095526e+03,1.719888333489e+04,424.999300946,424.999300946,0.000000000000e+00,0.000000000000e+00,0.000000000000e+00,0.000000000000e+00,0.000000000000e+00,0.000000000000e+00,0.000000000000e+00,2.615299095526e+03,2.145622206553e+00,1.108955262167e-03,4.422022018379e-03,1.098561229323e-03,3.413583560402e-02
D,S1,1728,576,1,SG_RBGS,1,108078,9.998331031452e-08,9.654335333249e+02,2.615378319453e+03,1.719907972362e+04,667.375138417,667.375138417,0.000000000000e+00,0.000000000000e+00,0.000000000000e+00,0.000000000000e+00,0.000000000000e+00,0.000000000000e+00,0.000000000000e+00,2.615378319453e+03,2.145687131982e+00,1.108974639849e-03,4.422155826501e-03,1.098580425381e-03,3.413676945602e-02
D,S1,1728,576,1,MG3V,1,38,7.291216929177e-08,9.654232676084e+02,2.615337536232e+03,1.719898595111e+04,60.982775837,60.982775837,0.000000000000e+00,0.000000000000e+00,0.000000000000e+00,0.000000000000e+00,0.000000000000e+00,0.000000000000e+00,0.000000000000e+00,2.615337536232e+03,2.145653721056e+00,1.108964745232e-03,4.422086968222e-03,1.098570623504e-03,3.413629112567e-02
D,S1,1728,576,1,MG2W,1,86,8.349314056779e-08,9.654296877757e+02,2.615362971673e+03,1.719904683715e+04,354.031094432,354.031094432,0.000000000000e+00,0.000000000000e+00,0.000000000000e+00,0.000000000000e+00,0.000000000000e+00,0.000000000000e+00,0.000000000000e+00,2.615362971673e+03,2.145674558205e+00,1.108970906618e-03,4.422129912563e-03,1.098576727141e-03,3.413659022387e-02
D,S1,1728,576,1,MG2V,1,170,9.352225847189e-08,9.654317151604e+02,2.615371019549e+03,1.719906630947e+04,588.683481291,588.683481291,0.000000000000e+00,0.000000000000e+00,0.000000000000e+00,0.000000000000e+00,0.000000000000e+00,0.000000000000e+00,0.000000000000e+00,2.615371019549e+03,2.145681155823e+00,1.108972882844e-03,4.422143509930e-03,1.098578684844e-03,3.413668484313e-02
D,S1,1728,576,1,RMT3H,1,19,4.089581278010e-08,9.654136053728e+02,2.615299095526e+03,1.719888333489e+04,800.447349705,800.447349705,0.000000000000e+00,0.000000000000e+00,0.000000000000e+00,0.000000000000e+00,0.000000000000e+00,0.000000000000e+00,0.000000000000e+00,2.615299095526e+03,2.145622206553e+00,1.108955262167e-03,4.422022018379e-03,1.098561229323e-03,3.413583560402e-02
D,S1,1728,576,4,SG_RBGS,1,108078,9.998331031455e-08,9.654335333249e+02,2.615378319453e+03,1.719907972362e+04,157.466359243,157.466359243,0.000000000000e+00,0.000000000000e+00,0.000000000000e+00,0.000000000000e+00,0.000000000000e+00,0.000000000000e+00,0.000000000000e+00,2.615378319453e+03,2.145687131982e+00,1.108974639849e-03,4.422155826501e-03,1.098580425381e-03,3.413676945602e-02
D,S1,1728,576,4,MG3V,1,38,7.291216929179e-08,9.654232676084e+02,2.615337536233e+03,1.719898595111e+04,22.663798489,22.663798489,0.000000000000e+00,0.000000000000e+00,0.000000000000e+00,0.000000000000e+00,0.000000000000e+00,0.000000000000e+00,0.000000000000e+00,2.615337536233e+03,2.145653721056e+00,1.108964745232e-03,4.422086968222e-03,1.098570623504e-03,3.413629112567e-02
D,S1,1728,576,4,MG2W,1,86,8.349314056782e-08,9.654296877757e+02,2.615362971673e+03,1.719904683715e+04,97.737288371,97.737288371,0.000000000000e+00,0.000000000000e+00,0.000000000000e+00,0.000000000000e+00,0.000000000000e+00,0.000000000000e+00,0.000000000000e+00,2.615362971673e+03,2.145674558205e+00,1.108970906618e-03,4.422129912563e-03,1.098576727141e-03,3.413659022387e-02
D,S1,1728,576,4,MG2V,1,170,9.352225847192e-08,9.654317151604e+02,2.615371019550e+03,1.719906630947e+04,154.551679567,154.551679567,0.000000000000e+00,0.000000000000e+00,0.000000000000e+00,0.000000000000e+00,0.000000000000e+00,0.000000000000e+00,0.000000000000e+00,2.615371019550e+03,2.145681155823e+00,1.108972882844e-03,4.422143509930e-03,1.098578684844e-03,3.413668484313e-02
D,S1,1728,576,4,RMT3H,1,19,4.089581278012e-08,9.654136053728e+02,2.615299095526e+03,1.719888333489e+04,219.574540295,219.574540295,0.000000000000e+00,0.000000000000e+00,0.000000000000e+00,0.000000000000e+00,0.000000000000e+00,0.000000000000e+00,0.000000000000e+00,2.615299095526e+03,2.145622206553e+00,1.108955262167e-03,4.422022018379e-03,1.098561229323e-03,3.413583560402e-02
D,S1,1728,576,16,SG_RBGS,1,108078,9.998331031456e-08,9.654335333249e+02,2.615378319453e+03,1.719907972362e+04,51.176513737,51.176513737,0.000000000000e+00,0.000000000000e+00,0.000000000000e+00,0.000000000000e+00,0.000000000000e+00,0.000000000000e+00,0.000000000000e+00,2.615378319453e+03,2.145687131982e+00,1.108974639849e-03,4.422155826501e-03,1.098580425381e-03,3.413676945602e-02
D,S1,1728,576,16,MG3V,1,38,7.291216929180e-08,9.654232676084e+02,2.615337536233e+03,1.719898595111e+04,12.880962575,12.880962575,0.000000000000e+00,0.000000000000e+00,0.000000000000e+00,0.000000000000e+00,0.000000000000e+00,0.000000000000e+00,0.000000000000e+00,2.615337536233e+03,2.145653721056e+00,1.108964745232e-03,4.422086968222e-03,1.098570623504e-03,3.413629112567e-02
D,S1,1728,576,16,MG2W,1,86,8.349314056783e-08,9.654296877757e+02,2.615362971673e+03,1.719904683715e+04,32.628393879,32.628393879,0.000000000000e+00,0.000000000000e+00,0.000000000000e+00,0.000000000000e+00,0.000000000000e+00,0.000000000000e+00,0.000000000000e+00,2.615362971673e+03,2.145674558205e+00,1.108970906618e-03,4.422129912563e-03,1.098576727141e-03,3.413659022387e-02
D,S1,1728,576,16,MG2V,1,170,9.352225847193e-08,9.654317151604e+02,2.615371019550e+03,1.719906630947e+04,45.603658807,45.603658807,0.000000000000e+00,0.000000000000e+00,0.000000000000e+00,0.000000000000e+00,0.000000000000e+00,0.000000000000e+00,0.000000000000e+00,2.615371019550e+03,2.145681155823e+00,1.108972882844e-03,4.422143509930e-03,1.098578684844e-03,3.413668484313e-02
D,S1,1728,576,16,RMT3H,1,19,4.089581278012e-08,9.654136053728e+02,2.615299095526e+03,1.719888333489e+04,63.155116986,63.155116986,0.000000000000e+00,0.000000000000e+00,0.000000000000e+00,0.000000000000e+00,0.000000000000e+00,0.000000000000e+00,0.000000000000e+00,2.615299095526e+03,2.145622206553e+00,1.108955262167e-03,4.422022018379e-03,1.098561229323e-03,3.413583560402e-02
D,S1,432,144,2,SG_RBGS,1,7002,9.987966666789e-08,3.770099777761e+03,1.016202718112e+04,6.432273869790e+04,1.663457662,1.663457662,0.000000000000e+00,0.000000000000e+00,0.000000000000e+00,0.000000000000e+00,0.000000000000e+00,0.000000000000e+00,0.000000000000e+00,1.016202718112e+04,8.359621342911e+00,4.402814156485e-03,1.723635099554e-02,4.360429419142e-03,1.249299374868e-01
D,S1,432,144,2,MG3V,1,17,4.107626826639e-08,3.770080363571e+03,1.016195039408e+04,6.432255026857e+04,2.026086551,2.026086551,0.000000000000e+00,0.000000000000e+00,0.000000000000e+00,0.000000000000e+00,0.000000000000e+00,0.000000000000e+00,0.000000000000e+00,1.016195039408e+04,8.359558054560e+00,4.402793781192e-03,1.723622050396e-02,4.360409239997e-03,1.249291470821e-01
D,S1,432,144,2,MG2W,1,12,5.104787696757e-08,3.770080364048e+03,1.016195039437e+04,6.432255026938e+04,2.298982122,2.298982122,0.000000000000e+00,0.000000000000e+00,0.000000000000e+00,0.000000000000e+00,0.000000000000e+00,0.000000000000e+00,0.000000000000e+00,1.016195039437e+04,8.359558054870e+00,4.402793781591e-03,1.723622050460e-02,4.360409240393e-03,1.249291470822e-01
D,S1,432,144,2,MG2V,1,14,6.527589566306e-08,3.770081462217e+03,1.016195486522e+04,6.432255860884e+04,2.188021512,2.188021512,0.000000000000e+00,0.000000000000e+00,0.000000000000e+00,0.000000000000e+00,0.000000000000e+00,0.000000000000e+00,0.000000000000e+00,1.016195486522e+04,8.359561748756e+00,4.402795019230e-03,1.723622812086e-02,4.360410466117e-03,1.249291923093e-01
D,S1,432,144,2,RMT3H,1,9,1.808729078906e-08,3.770080130738e+03,1.016194942318e+04,6.432254630471e+04,12.740286860,12.740286860,0.000000000000e+00,0.000000000000e+00,0.000000000000e+00,0.000000000000e+00,0.000000000000e+00,0.000000000000e+00,0.000000000000e+00,1.016194942318e+04,8.359557262495e+00,4.402793596253e-03,1.723621887083e-02,4.360409056838e-03,1.249291359179e-01
D,S1,432,144,1,SG_RBGS,1,7002,9.987966666789e-08,3.770099777761e+03,1.016202718112e+04,6.432273869790e+04,2.858190369,2.858190369,0.000000000000e+00,0.000000000000e+00,0.000000000000e+00,0.000000000000e+00,0.000000000000e+00,0.000000000000e+00,0.000000000000e+00,1.016202718112e+04,8.359621342911e+00,4.402814156485e-03,1.723635099554e-02,4.360429419142e-03,1.249299374868e-01
D,S1,432,144,1,MG3V,1,17,4.107626826638e-08,3.770080363571e+03,1.016195039408e+04,6.432255026857e+04,1.985306256,1.985306256,0.000000000000e+00,0.000000000000e+00,0.000000000000e+00,0.000000000000e+00,0.000000000000e+00,0.000000000000e+00,0.000000000000e+00,1.016195039408e+04,8.359558054560e+00,4.402793781192e-03,1.723622050396e-02,4.360409239997e-03,1.249291470821e-01
D,S1,432,144,1,MG2W,1,12,5.104787696757e-08,3.770080364048e+03,1.016195039437e+04,6.432255026938e+04,3.603939030,3.603939030,0.000000000000e+00,0.000000000000e+00,0.000000000000e+00,0.000000000000e+00,0.000000000000e+00,0.000000000000e+00,0.000000000000e+00,1.016195039437e+04,8.359558054870e+00,4.402793781591e-03,1.723622050460e-02,4.360409240393e-03,1.249291470822e-01
D,S1,432,144,1,MG2V,1,14,6.527589566306e-08,3.770081462217e+03,1.016195486522e+04,6.432255860884e+04,3.593186092,3.593186092,0.000000000000e+00,0.000000000000e+00,0.000000000000e+00,0.000000000000e+00,0.000000000000e+00,0.000000000000e+00,0.000000000000e+00,1.016195486522e+04,8.359561748756e+00,4.402795019230e-03,1.723622812086e-02,4.360410466117e-03,1.249291923093e-01
D,S1,432,144,1,RMT3H,1,9,1.808729078906e-08,3.770080130738e+03,1.016194942318e+04,6.432254630471e+04,20.179404311,20.179404311,0.000000000000e+00,0.000000000000e+00,0.000000000000e+00,0.000000000000e+00,0.000000000000e+00,0.000000000000e+00,0.000000000000e+00,1.016194942318e+04,8.359557262495e+00,4.402793596253e-03,1.723621887083e-02,4.360409056838e-03,1.249291359179e-01
D,S1,432,144,4,SG_RBGS,1,7002,9.987966666789e-08,3.770099777761e+03,1.016202718112e+04,6.432273869790e+04,1.132069614,1.132069614,0.000000000000e+00,0.000000000000e+00,0.000000000000e+00,0.000000000000e+00,0.000000000000e+00,0.000000000000e+00,0.000000000000e+00,1.016202718112e+04,8.359621342911e+00,4.402814156485e-03,1.723635099554e-02,4.360429419142e-03,1.249299374868e-01
D,S1,432,144,4,MG3V,1,17,4.107626826639e-08,3.770080363571e+03,1.016195039408e+04,6.432255026857e+04,0.981829945,0.981829945,0.000000000000e+00,0.000000000000e+00,0.000000000000e+00,0.000000000000e+00,0.000000000000e+00,0.000000000000e+00,0.000000000000e+00,1.016195039408e+04,8.359558054560e+00,4.402793781192e-03,1.723622050396e-02,4.360409239997e-03,1.249291470821e-01
D,S1,432,144,4,MG2W,1,12,5.104787696757e-08,3.770080364048e+03,1.016195039437e+04,6.432255026938e+04,1.422026936,1.422026936,0.000000000000e+00,0.000000000000e+00,0.000000000000e+00,0.000000000000e+00,0.000000000000e+00,0.000000000000e+00,0.000000000000e+00,1.016195039437e+04,8.359558054870e+00,4.402793781591e-03,1.723622050460e-02,4.360409240393e-03,1.249291470822e-01
D,S1,432,144,4,MG2V,1,14,6.527589566306e-08,3.770081462217e+03,1.016195486522e+04,6.432255860884e+04,1.366327548,1.366327548,0.000000000000e+00,0.000000000000e+00,0.000000000000e+00,0.000000000000e+00,0.000000000000e+00,0.000000000000e+00,0.000000000000e+00,1.016195486522e+04,8.359561748756e+00,4.402795019230e-03,1.723622812086e-02,4.360410466117e-03,1.249291923093e-01
D,S1,432,144,4,RMT3H,1,9,1.808729078906e-08,3.770080130738e+03,1.016194942318e+04,6.432254630471e+04,5.857405409,5.857405409,0.000000000000e+00,0.000000000000e+00,0.000000000000e+00,0.000000000000e+00,0.000000000000e+00,0.000000000000e+00,0.000000000000e+00,1.016194942318e+04,8.359557262495e+00,4.402793596253e-03,1.723621887083e-02,4.360409056838e-03,1.249291359179e-01
D,S1,432,144,16,SG_RBGS,1,7002,9.987966666789e-08,3.770099777761e+03,1.016202718112e+04,6.432273869790e+04,1.361675686,1.361675686,0.000000000000e+00,0.000000000000e+00,0.000000000000e+00,0.000000000000e+00,0.000000000000e+00,0.000000000000e+00,0.000000000000e+00,1.016202718112e+04,8.359621342911e+00,4.402814156485e-03,1.723635099554e-02,4.360429419142e-03,1.249299374868e-01
D,S1,432,144,16,MG3V,1,17,4.107626826639e-08,3.770080363571e+03,1.016195039408e+04,6.432255026857e+04,1.091419760,1.091419760,0.000000000000e+00,0.000000000000e+00,0.000000000000e+00,0.000000000000e+00,0.000000000000e+00,0.000000000000e+00,0.000000000000e+00,1.016195039408e+04,8.359558054560e+00,4.402793781192e-03,1.723622050396e-02,4.360409239997e-03,1.249291470821e-01
D,S1,432,144,16,MG2W,1,12,5.104787696757e-08,3.770080364048e+03,1.016195039437e+04,6.432255026938e+04,1.237714826,1.237714826,0.000000000000e+00,0.000000000000e+00,0.000000000000e+00,0.000000000000e+00,0.000000000000e+00,0.000000000000e+00,0.000000000000e+00,1.016195039437e+04,8.359558054870e+00,4.402793781591e-03,1.723622050460e-02,4.360409240393e-03,1.249291470822e-01
D,S1,432,144,16,MG2V,1,14,6.527589566306e-08,3.770081462217e+03,1.016195486522e+04,6.432255860884e+04,1.324644536,1.324644536,0.000000000000e+00,0.000000000000e+00,0.000000000000e+00,0.000000000000e+00,0.000000000000e+00,0.000000000000e+00,0.000000000000e+00,1.016195486522e+04,8.359561748756e+00,4.402795019230e-03,1.723622812086e-02,4.360410466117e-03,1.249291923093e-01
D,S1,432,144,16,RMT3H,1,9,1.808729078906e-08,3.770080130738e+03,1.016194942318e+04,6.432254630471e+04,2.700412692,2.700412692,0.000000000000e+00,0.000000000000e+00,0.000000000000e+00,0.000000000000e+00,0.000000000000e+00,0.000000000000e+00,0.000000000000e+00,1.016194942318e+04,8.359557262495e+00,4.402793596253e-03,1.723621887083e-02,4.360409056838e-03,1.249291359179e-01
D,S3,216,72,2,SG_RBGS,1,494,9.678303837662e-08,1.259714330513e+04,5.298868301062e+04,7.382344616458e+05,0.168748405,0.168748405,0.000000000000e+00,0.000000000000e+00,0.000000000000e+00,0.000000000000e+00,0.000000000000e+00,0.000000000000e+00,0.000000000000e+00,5.298868301062e+04,4.088190461448e+01,1.652002272920e-02,8.602238331935e-02,1.519858571193e-02,4.123087805956e-01
D,S3,216,72,2,MG3V,1,15,2.232380610846e-08,1.259713368728e+04,5.298862938213e+04,7.382343777882e+05,0.297567904,0.297567904,0.000000000000e+00,0.000000000000e+00,0.000000000000e+00,0.000000000000e+00,0.000000000000e+00,0.000000000000e+00,0.000000000000e+00,5.298862938213e+04,4.088186175312e+01,1.651999167381e-02,8.602229313186e-02,1.519855714066e-02,4.123085784599e-01
D,S3,216,72,2,MG2W,1,13,2.563970885058e-09,1.259713377778e+04,5.298862945601e+04,7.382343750045e+05,0.538383435,0.538383435,0.000000000000e+00,0.000000000000e+00,0.000000000000e+00,0.000000000000e+00,0.000000000000e+00,0.000000000000e+00,0.000000000000e+00,5.298862945601e+04,4.088186184216e+01,1.651999190779e-02,8.602229331922e-02,1.519855735593e-02,4.123085792674e-01
D,S3,216,72,2,MG2V,1,13,3.017002936359e-09,1.259713377966e+04,5.298862945858e+04,7.382343751023e+05,0.471455816,0.471455816,0.000000000000e+00,0.000000000000e+00,0.000000000000e+00,0.000000000000e+00,0.000000000000e+00,0.000000000000e+00,0.000000000000e+00,5.298862945858e+04,4.088186184452e+01,1.651999190620e-02,8.602229332418e-02,1.519855735446e-02,4.123085792857e-01
D,S3,216,72,2,RMT3H,1,6,2.980597970146e-08,1.259713415652e+04,5.298863125290e+04,7.382343913037e+05,1.519161206,1.519161206,0.000000000000e+00,0.000000000000e+00,0.000000000000e+00,0.000000000000e+00,0.000000000000e+00,0.000000000000e+00,0.000000000000e+00,5.298863125290e+04,4.088186327987e+01,1.651999291064e-02,8.602229634441e-02,1.519855827856e-02,4.123085878958e-01
D,S3,216,72,1,SG_RBGS,1,494,9.678303837662e-08,1.259714330513e+04,5.298868301062e+04,7.382344616458e+05,0.176596381,0.176596381,0.000000000000e+00,0.000000000000e+00,0.000000000000e+00,0.000000000000e+00,0.000000000000e+00,0.000000000000e+00,0.000000000000e+00,5.298868301062e+04,4.088190461448e+01,1.652002272920e-02,8.602238331935e-02,1.519858571193e-02,4.123087805956e-01
D,S3,216,72,1,MG3V,1,15,2.232380610846e-08,1.259713368728e+04,5.298862938213e+04,7.382343777882e+05,0.431964718,0.431964718,0.000000000000e+00,0.000000000000e+00,0.000000000000e+00,0.000000000000e+00,0.000000000000e+00,0.000000000000e+00,0.000000000000e+00,5.298862938213e+04,4.088186175312e+01,1.651999167381e-02,8.602229313186e-02,1.519855714066e-02,4.123085784599e-01
D,S3,216,72,1,MG2W,1,13,2.563970885058e-09,1.259713377778e+04,5.298862945601e+04,7.382343750045e+05,0.910016738,0.910016738,0.000000000000e+00,0.000000000000e+00,0.000000000000e+00,0.000000000000e+00,0.000000000000e+00,0.000000000000e+00,0.000000000000e+00,5.298862945601e+04,4.088186184216e+01,1.651999190779e-02,8.602229331922e-02,1.519855735593e-02,4.123085792674e-01
D,S3,216,72,1,MG2V,1,13,3.017002936359e-09,1.259713377966e+04,5.298862945858e+04,7.382343751023e+05,0.798592322,0.798592322,0.000000000000e+00,0.000000000000e+00,0.000000000000e+00,0.000000000000e+00,0.000000000000e+00,0.000000000000e+00,0.000000000000e+00,5.298862945858e+04,4.088186184452e+01,1.651999190620e-02,8.602229332418e-02,1.519855735446e-02,4.123085792857e-01
D,S3,216,72,1,RMT3H,1,6,2.980597970146e-08,1.259713415652e+04,5.298863125290e+04,7.382343913037e+05,2.771755561,2.771755561,0.000000000000e+00,0.000000000000e+00,0.000000000000e+00,0.000000000000e+00,0.000000000000e+00,0.000000000000e+00,0.000000000000e+00,5.298863125290e+04,4.088186327987e+01,1.651999291064e-02,8.602229634441e-02,1.519855827856e-02,4.123085878958e-01
D,S3,216,72,4,SG_RBGS,1,494,9.678303837662e-08,1.259714330513e+04,5.298868301062e+04,7.382344616458e+05,0.161914684,0.161914684,0.000000000000e+00,0.000000000000e+00,0.000000000000e+00,0.000000000000e+00,0.000000000000e+00,0.000000000000e+00,0.000000000000e+00,5.298868301062e+04,4.088190461448e+01,1.652002272920e-02,8.602238331935e-02,1.519858571193e-02,4.123087805956e-01
D,S3,216,72,4,MG3V,1,15,2.232380610846e-08,1.259713368728e+04,5.298862938213e+04,7.382343777882e+05,0.234258525,0.234258525,0.000000000000e+00,0.000000000000e+00,0.000000000000e+00,0.000000000000e+00,0.000000000000e+00,0.000000000000e+00,0.000000000000e+00,5.298862938213e+04,4.088186175312e+01,1.651999167381e-02,8.602229313186e-02,1.519855714066e-02,4.123085784599e-01
D,S3,216,72,4,MG2W,1,13,2.563970885058e-09,1.259713377778e+04,5.298862945601e+04,7.382343750045e+05,0.361896031,0.361896031,0.000000000000e+00,0.000000000000e+00,0.000000000000e+00,0.000000000000e+00,0.000000000000e+00,0.000000000000e+00,0.000000000000e+00,5.298862945601e+04,4.088186184216e+01,1.651999190779e-02,8.602229331922e-02,1.519855735593e-02,4.123085792674e-01
D,S3,216,72,4,MG2V,1,13,3.017002936359e-09,1.259713377966e+04,5.298862945858e+04,7.382343751023e+05,0.325995669,0.325995669,0.000000000000e+00,0.000000000000e+00,0.000000000000e+00,0.000000000000e+00,0.000000000000e+00,0.000000000000e+00,0.000000000000e+00,5.298862945858e+04,4.088186184452e+01,1.651999190620e-02,8.602229332418e-02,1.519855735446e-02,4.123085792857e-01
D,S3,216,72,4,RMT3H,1,6,2.980597970146e-08,1.259713415652e+04,5.298863125290e+04,7.382343913037e+05,0.839890696,0.839890696,0.000000000000e+00,0.000000000000e+00,0.000000000000e+00,0.000000000000e+00,0.000000000000e+00,0.000000000000e+00,0.000000000000e+00,5.298863125290e+04,4.088186327987e+01,1.651999291064e-02,8.602229634441e-02,1.519855827856e-02,4.123085878958e-01
D,S3,216,72,16,SG_RBGS,1,494,9.678303837662e-08,1.259714330513e+04,5.298868301062e+04,7.382344616458e+05,0.168168385,0.168168385,0.000000000000e+00,0.000000000000e+00,0.000000000000e+00,0.000000000000e+00,0.000000000000e+00,0.000000000000e+00,0.000000000000e+00,5.298868301062e+04,4.088190461448e+01,1.652002272920e-02,8.602238331935e-02,1.519858571193e-02,4.123087805956e-01
D,S3,216,72,16,MG3V,1,15,2.232380610846e-08,1.259713368728e+04,5.298862938213e+04,7.382343777882e+05,0.184735596,0.184735596,0.000000000000e+00,0.000000000000e+00,0.000000000000e+00,0.000000000000e+00,0.000000000000e+00,0.000000000000e+00,0.000000000000e+00,5.298862938213e+04,4.088186175312e+01,1.651999167381e-02,8.602229313186e-02,1.519855714066e-02,4.123085784599e-01
D,S3,216,72,16,MG2W,1,13,2.563970885058e-09,1.259713377778e+04,5.298862945601e+04,7.382343750045e+05,0.235882685,0.235882685,0.000000000000e+00,0.000000000000e+00,0.000000000000e+00,0.000000000000e+00,0.000000000000e+00,0.000000000000e+00,0.000000000000e+00,5.298862945601e+04,4.088186184216e+01,1.651999190779e-02,8.602229331922e-02,1.519855735593e-02,4.123085792674e-01
D,S3,216,72,16,MG2V,1,13,3.017002936359e-09,1.259713377966e+04,5.298862945858e+04,7.382343751023e+05,0.207659334,0.207659334,0.000000000000e+00,0.000000000000e+00,0.000000000000e+00,0.000000000000e+00,0.000000000000e+00,0.000000000000e+00,0.000000000000e+00,5.298862945858e+04,4.088186184452e+01,1.651999190620e-02,8.602229332418e-02,1.519855735446e-02,4.123085792857e-01
D,S3,216,72,16,RMT3H,1,6,2.980597970146e-08,1.259713415652e+04,5.298863125290e+04,7.382343913037e+05,0.333149612,0.333149612,0.000000000000e+00,0.000000000000e+00,0.000000000000e+00,0.000000000000e+00,0.000000000000e+00,0.000000000000e+00,0.000000000000e+00,5.298863125290e+04,4.088186327987e+01,1.651999291064e-02,8.602229634441e-02,1.519855827856e-02,4.123085878958e-01
D,S3,108,36,2,SG_RBGS,1,146,8.916902207625e-08,2.258519014441e+04,9.146711009061e+04,1.083715712867e+06,0.037625112,0.037625112,0.000000000000e+00,0.000000000000e+00,0.000000000000e+00,0.000000000000e+00,0.000000000000e+00,0.000000000000e+00,0.000000000000e+00,9.146711009061e+04,7.191745379792e+01,3.357899091786e-02,1.514961445994e-01,3.088415400296e-02,5.783019818227e-01
D,S3,108,36,2,MG3V,1,10,4.772989760153e-08,2.258518429786e+04,9.146707622688e+04,1.083715621182e+06,0.060516115,0.060516115,0.000000000000e+00,0.000000000000e+00,0.000000000000e+00,0.000000000000e+00,0.000000000000e+00,0.000000000000e+00,0.000000000000e+00,9.146707622688e+04,7.191742539154e+01,3.357895015514e-02,1.514960847605e-01,3.088411651161e-02,5.783019322902e-01
D,S3,108,36,2,MG2W,1,8,2.461270100779e-08,2.258518395289e+04,9.146707393353e+04,1.083715591763e+06,0.093385633,0.093385633,0.000000000000e+00,0.000000000000e+00,0.000000000000e+00,0.000000000000e+00,0.000000000000e+00,0.000000000000e+00,0.000000000000e+00,9.146707393353e+04,7.191742365857e+01,3.357895245612e-02,1.514960811100e-01,3.088411862792e-02,5.783019269958e-01
D,S3,108,36,2,MG2V,1,8,5.400169212839e-08,2.258518409649e+04,9.146707632043e+04,1.083715650603e+06,0.083939034,0.083939034,0.000000000000e+00,0.000000000000e+00,0.000000000000e+00,0.000000000000e+00,0.000000000000e+00,0.000000000000e+00,0.000000000000e+00,9.146707632043e+04,7.191742554720e+01,3.357895309052e-02,1.514960850884e-01,3.088411921141e-02,5.783019210187e-01
D,S3,108,36,2,RMT3H,1,4,2.816676395735e-08,2.258518496138e+04,9.146708030209e+04,1.083715645761e+06,0.207549535,0.207549535,0.000000000000e+00,0.000000000000e+00,0.000000000000e+00,0.000000000000e+00,0.000000000000e+00,0.000000000000e+00,0.000000000000e+00,9.146708030209e+04,7.191742894949e+01,3.357895904919e-02,1.514960922554e-01,3.088412469187e-02,5.783019357116e-01
D,S3,108,36,1,SG_RBGS,1,146,8.916902207625e-08,2.258519014441e+04,9.146711009061e+04,1.083715712867e+06,0.037687834,0.037687834,0.000000000000e+00,0.000000000000e+00,0.000000000000e+00,0.000000000000e+00,0.000000000000e+00,0.000000000000e+00,0.000000000000e+00,9.146711009061e+04,7.191745379792e+01,3.357899091786e-02,1.514961445994e-01,3.088415400296e-02,5.783019818227e-01
D,S3,108,36,1,MG3V,1,10,4.772989760153e-08,2.258518429786e+04,9.146707622688e+04,1.083715621182e+06,0.081426844,0.081426844,0.000000000000e+00,0.000000000000e+00,0.000000000000e+00,0.000000000000e+00,0.000000000000e+00,0.000000000000e+00,0.000000000000e+00,9.146707622688e+04,7.191742539154e+01,3.357895015514e-02,1.514960847605e-01,3.088411651161e-02,5.783019322902e-01
D,S3,108,36,1,MG2W,1,8,2.461270100779e-08,2.258518395289e+04,9.146707393353e+04,1.083715591763e+06,0.148768935,0.148768935,0.000000000000e+00,0.000000000000e+00,0.000000000000e+00,0.000000000000e+00,0.000000000000e+00,0.000000000000e+00,0.000000000000e+00,9.146707393353e+04,7.191742365857e+01,3.357895245612e-02,1.514960811100e-01,3.088411862792e-02,5.783019269958e-01
D,S3,108,36,1,MG2V,1,8,5.400169212839e-08,2.258518409649e+04,9.146707632043e+04,1.083715650603e+06,0.129741013,0.129741013,0.000000000000e+00,0.000000000000e+00,0.000000000000e+00,0.000000000000e+00,0.000000000000e+00,0.000000000000e+00,0.000000000000e+00,9.146707632043e+04,7.191742554720e+01,3.357895309052e-02,1.514960850884e-01,3.088411921141e-02,5.783019210187e-01
D,S3,108,36,1,RMT3H,1,4,2.816676395735e-08,2.258518496138e+04,9.146708030209e+04,1.083715645761e+06,0.366938174,0.366938174,0.000000000000e+00,0.000000000000e+00,0.000000000000e+00,0.000000000000e+00,0.000000000000e+00,0.000000000000e+00,0.000000000000e+00,9.146708030209e+04,7.191742894949e+01,3.357895904919e-02,1.514960922554e-01,3.088412469187e-02,5.783019357116e-01
D,S3,108,36,4,SG_RBGS,1,146,8.916902207625e-08,2.258519014441e+04,9.146711009061e+04,1.083715712867e+06,0.038435496,0.038435496,0.000000000000e+00,0.000000000000e+00,0.000000000000e+00,0.000000000000e+00,0.000000000000e+00,0.000000000000e+00,0.000000000000e+00,9.146711009061e+04,7.191745379792e+01,3.357899091786e-02,1.514961445994e-01,3.088415400296e-02,5.783019818227e-01
D,S3,108,36,4,MG3V,1,10,4.772989760153e-08,2.258518429786e+04,9.146707622688e+04,1.083715621182e+06,0.053841926,0.053841926,0.000000000000e+00,0.000000000000e+00,0.000000000000e+00,0.000000000000e+00,0.000000000000e+00,0.000000000000e+00,0.000000000000e+00,9.146707622688e+04,7.191742539154e+01,3.357895015514e-02,1.514960847605e-01,3.088411651161e-02,5.783019322902e-01
D,S3,108,36,4,MG2W,1,8,2.461270100779e-08,2.258518395289e+04,9.146707393353e+04,1.083715591763e+06,0.075485911,0.075485911,0.000000000000e+00,0.000000000000e+00,0.000000000000e+00,0.000000000000e+00,0.000000000000e+00,0.000000000000e+00,0.000000000000e+00,9.146707393353e+04,7.191742365857e+01,3.357895245612e-02,1.514960811100e-01,3.088411862792e-02,5.783019269958e-01
D,S3,108,36,4,MG2V,1,8,5.400169212839e-08,2.258518409649e+04,9.146707632043e+04,1.083715650603e+06,0.066847581,0.066847581,0.000000000000e+00,0.000000000000e+00,0.000000000000e+00,0.000000000000e+00,0.000000000000e+00,0.000000000000e+00,0.000000000000e+00,9.146707632043e+04,7.191742554720e+01,3.357895309052e-02,1.514960850884e-01,3.088411921141e-02,5.783019210187e-01
D,S3,108,36,4,RMT3H,1,4,2.816676395735e-08,2.258518496138e+04,9.146708030209e+04,1.083715645761e+06,0.127440441,0.127440441,0.000000000000e+00,0.000000000000e+00,0.000000000000e+00,0.000000000000e+00,0.000000000000e+00,0.000000000000e+00,0.000000000000e+00,9.146708030209e+04,7.191742894949e+01,3.357895904919e-02,1.514960922554e-01,3.088412469187e-02,5.783019357116e-01
D,S3,108,36,16,SG_RBGS,1,146,8.916902207625e-08,2.258519014441e+04,9.146711009061e+04,1.083715712867e+06,0.040683065,0.040683065,0.000000000000e+00,0.000000000000e+00,0.000000000000e+00,0.000000000000e+00,0.000000000000e+00,0.000000000000e+00,0.000000000000e+00,9.146711009061e+04,7.191745379792e+01,3.357899091786e-02,1.514961445994e-01,3.088415400296e-02,5.783019818227e-01
D,S3,108,36,16,MG3V,1,10,4.772989760153e-08,2.258518429786e+04,9.146707622688e+04,1.083715621182e+06,0.047355186,0.047355186,0.000000000000e+00,0.000000000000e+00,0.000000000000e+00,0.000000000000e+00,0.000000000000e+00,0.000000000000e+00,0.000000000000e+00,9.146707622688e+04,7.191742539154e+01,3.357895015514e-02,1.514960847605e-01,3.088411651161e-02,5.783019322902e-01
D,S3,108,36,16,MG2W,1,8,2.461270100779e-08,2.258518395289e+04,9.146707393353e+04,1.083715591763e+06,0.057122849,0.057122849,0.000000000000e+00,0.000000000000e+00,0.000000000000e+00,0.000000000000e+00,0.000000000000e+00,0.000000000000e+00,0.000000000000e+00,9.146707393353e+04,7.191742365857e+01,3.357895245612e-02,1.514960811100e-01,3.088411862792e-02,5.783019269958e-01
D,S3,108,36,16,MG2V,1,8,5.400169212839e-08,2.258518409649e+04,9.146707632043e+04,1.083715650603e+06,0.050780423,0.050780423,0.000000000000e+00,0.000000000000e+00,0.000000000000e+00,0.000000000000e+00,0.000000000000e+00,0.000000000000e+00,0.000000000000e+00,9.146707632043e+04,7.191742554720e+01,3.357895309052e-02,1.514960850884e-01,3.088411921141e-02,5.783019210187e-01
D,S3,108,36,16,RMT3H,1,4,2.816676395735e-08,2.258518496138e+04,9.146708030209e+04,1.083715645761e+06,0.061631072,0.061631072,0.000000000000e+00,0.000000000000e+00,0.000000000000e+00,0.000000000000e+00,0.000000000000e+00,0.000000000000e+00,0.000000000000e+00,9.146708030209e+04,7.191742894949e+01,3.357895904919e-02,1.514960922554e-01,3.088412469187e-02,5.783019357116e-01
D,S3,864,288,2,SG_RBGS,1,6900,9.974196454418e-08,3.483961512453e+03,1.539847910175e+04,2.463309730066e+05,6.912182249,6.912182249,0.000000000000e+00,0.000000000000e+00,0.000000000000e+00,0.000000000000e+00,0.000000000000e+00,0.000000000000e+00,0.000000000000e+00,1.539847910175e+04,1.164690866756e+01,4.265418371588e-03,2.448644031593e-02,3.925077594982e-03,1.541869012601e-01
D,S3,864,288,2,MG3V,1,28,7.870413178319e-08,3.483948942116e+03,1.539841224108e+04,2.463309044286e+05,6.940632097,6.940632097,0.000000000000e+00,0.000000000000e+00,0.000000000000e+00,0.000000000000e+00,0.000000000000e+00,0.000000000000e+00,0.000000000000e+00,1.539841224108e+04,1.164685687142e+01,4.265393401643e-03,2.448633141981e-02,3.925054617407e-03,1.541864477780e-01
D,S3,864,288,2,MG2W,1,20,7.340842474076e-08,3.483948939466e+03,1.539841222423e+04,2.463309044318e+05,12.254307665,12.254307665,0.000000000000e+00,0.000000000000e+00,0.000000000000e+00,0.000000000000e+00,0.000000000000e+00,0.000000000000e+00,0.000000000000e+00,1.539841222423e+04,1.164685685938e+01,4.265393401351e-03,2.448633139449e-02,3.925054617139e-03,1.541864476389e-01
D,S3,864,288,2,MG2V,1,24,4.600487420899e-08,3.483948939495e+03,1.539841222437e+04,2.463309044319e+05,12.188888133,12.188888133,0.000000000000e+00,0.000000000000e+00,0.000000000000e+00,0.000000000000e+00,0.000000000000e+00,0.000000000000e+00,0.000000000000e+00,1.539841222437e+04,1.164685685949e+01,4.265393401379e-03,2.448633139473e-02,3.925054617164e-03,1.541864476399e-01
D,S3,864,288,2,RMT3H,1,12,4.310767115558e-08,3.483948939416e+03,1.539841222398e+04,2.463309044348e+05,57.185170911,57.185170911,0.000000000000e+00,0.000000000000e+00,0.000000000000e+00,0.000000000000e+00,0.000000000000e+00,0.000000000000e+00,0.000000000000e+00,1.539841222398e+04,1.164685685917e+01,4.265393401209e-03,2.448633139405e-02,3.925054617008e-03,1.541864476377e-01
D,S3,864,288,1,SG_RBGS,1,6900,9.974196454419e-08,3.483961512452e+03,1.539847910175e+04,2.463309730066e+05,11.323275737,11.323275737,0.000000000000e+00,0.000000000000e+00,0.000000000000e+00,0.000000000000e+00,0.000000000000e+00,0.000000000000e+00,0.000000000000e+00,1.539847910175e+04,1.164690866756e+01,4.265418371588e-03,2.448644031593e-02,3.925077594982e-03,1.541869012601e-01
D,S3,864,288,1,MG3V,1,28,7.870413178320e-08,3.483948942116e+03,1.539841224108e+04,2.463309044286e+05,11.688196346,11.688196346,0.000000000000e+00,0.000000000000e+00,0.000000000000e+00,0.000000000000e+00,0.000000000000e+00,0.000000000000e+00,0.000000000000e+00,1.539841224108e+04,1.164685687142e+01,4.265393401643e-03,2.448633141981e-02,3.925054617407e-03,1.541864477780e-01
D,S3,864,288,1,MG2W,1,20,7.340842474077e-08,3.483948939465e+03,1.539841222422e+04,2.463309044318e+05,22.276655652,22.276655652,0.000000000000e+00,0.000000000000e+00,0.000000000000e+00,0.000000000000e+00,0.000000000000e+00,0.000000000000e+00,0.000000000000e+00,1.539841222422e+04,1.164685685938e+01,4.265393401351e-03,2.448633139449e-02,3.925054617139e-03,1.541864476389e-01
D,S3,864,288,1,MG2V,1,24,4.600487420900e-08,3.483948939495e+03,1.539841222437e+04,2.463309044319e+05,22.164750867,22.164750867,0.000000000000e+00,0.000000000000e+00,0.000000000000e+00,0.000000000000e+00,0.000000000000e+00,0.000000000000e+00,0.000000000000e+00,1.539841222437e+04,1.164685685949e+01,4.265393401379e-03,2.448633139473e-02,3.925054617164e-03,1.541864476399e-01
D,S3,864,288,1,RMT3H,1,12,4.310767115559e-08,3.483948939416e+03,1.539841222398e+04,2.463309044348e+05,106.936388195,106.936388195,0.000000000000e+00,0.000000000000e+00,0.000000000000e+00,0.000000000000e+00,0.000000000000e+00,0.000000000000e+00,0.000000000000e+00,1.539841222398e+04,1.164685685917e+01,4.265393401209e-03,2.448633139405e-02,3.925054617008e-03,1.541864476377e-01
D,S3,864,288,4,SG_RBGS,1,6900,9.974196454419e-08,3.483961512453e+03,1.539847910175e+04,2.463309730066e+05,4.615765505,4.615765505,0.000000000000e+00,0.000000000000e+00,0.000000000000e+00,0.000000000000e+00,0.000000000000e+00,0.000000000000e+00,0.000000000000e+00,1.539847910175e+04,1.164690866756e+01,4.265418371588e-03,2.448644031593e-02,3.925077594982e-03,1.541869012601e-01
D,S3,864,288,4,MG3V,1,28,7.870413178320e-08,3.483948942116e+03,1.539841224108e+04,2.463309044286e+05,4.815809891,4.815809891,0.000000000000e+00,0.000000000000e+00,0.000000000000e+00,0.000000000000e+00,0.000000000000e+00,0.000000000000e+00,0.000000000000e+00,1.539841224108e+04,1.164685687142e+01,4.265393401643e-03,2.448633141981e-02,3.925054617407e-03,1.541864477780e-01
D,S3,864,288,4,MG2W,1,20,7.340842474077e-08,3.483948939466e+03,1.539841222423e+04,2.463309044318e+05,7.519650199,7.519650199,0.000000000000e+00,0.000000000000e+00,0.000000000000e+00,0.000000000000e+00,0.000000000000e+00,0.000000000000e+00,0.000000000000e+00,1.539841222423e+04,1.164685685938e+01,4.265393401351e-03,2.448633139449e-02,3.925054617139e-03,1.541864476389e-01
D,S3,864,288,4,MG2V,1,24,4.600487420899e-08,3.483948939495e+03,1.539841222437e+04,2.463309044319e+05,7.490065120,7.490065120,0.000000000000e+00,0.000000000000e+00,0.000000000000e+00,0.000000000000e+00,0.000000000000e+00,0.000000000000e+00,0.000000000000e+00,1.539841222437e+04,1.164685685949e+01,4.265393401379e-03,2.448633139473e-02,3.925054617164e-03,1.541864476399e-01
D,S3,864,288,4,RMT3H,1,12,4.310767115559e-08,3.483948939416e+03,1.539841222398e+04,2.463309044348e+05,30.015889145,30.015889145,0.000000000000e+00,0.000000000000e+00,0.000000000000e+00,0.000000000000e+00,0.000000000000e+00,0.000000000000e+00,0.000000000000e+00,1.539841222398e+04,1.164685685917e+01,4.265393401209e-03,2.448633139405e-02,3.925054617008e-03,1.541864476377e-01
D,S3,864,288,16,SG_RBGS,1,6900,9.974196454419e-08,3.483961512453e+03,1.539847910175e+04,2.463309730066e+05,2.992106676,2.992106676,0.000000000000e+00,0.000000000000e+00,0.000000000000e+00,0.000000000000e+00,0.000000000000e+00,0.000000000000e+00,0.000000000000e+00,1.539847910175e+04,1.164690866756e+01,4.265418371588e-03,2.448644031593e-02,3.925077594982e-03,1.541869012601e-01
D,S3,864,288,16,MG3V,1,28,7.870413178320e-08,3.483948942116e+03,1.539841224108e+04,2.463309044286e+05,2.993569829,2.993569829,0.000000000000e+00,0.000000000000e+00,0.000000000000e+00,0.000000000000e+00,0.000000000000e+00,0.000000000000e+00,0.000000000000e+00,1.539841224108e+04,1.164685687142e+01,4.265393401643e-03,2.448633141981e-02,3.925054617407e-03,1.541864477780e-01
D,S3,864,288,16,MG2W,1,20,7.340842474077e-08,3.483948939466e+03,1.539841222423e+04,2.463309044318e+05,3.689142577,3.689142577,0.000000000000e+00,0.000000000000e+00,0.000000000000e+00,0.000000000000e+00,0.000000000000e+00,0.000000000000e+00,0.000000000000e+00,1.539841222423e+04,1.164685685938e+01,4.265393401351e-03,2.448633139449e-02,3.925054617139e-03,1.541864476389e-01
D,S3,864,288,16,MG2V,1,24,4.600487420900e-08,3.483948939495e+03,1.539841222437e+04,2.463309044319e+05,3.696438886,3.696438886,0.000000000000e+00,0.000000000000e+00,0.000000000000e+00,0.000000000000e+00,0.000000000000e+00,0.000000000000e+00,0.000000000000e+00,1.539841222437e+04,1.164685685949e+01,4.265393401379e-03,2.448633139473e-02,3.925054617164e-03,1.541864476399e-01
D,S3,864,288,16,RMT3H,1,12,4.310767115559e-08,3.483948939416e+03,1.539841222398e+04,2.463309044348e+05,9.462802358,9.462802358,0.000000000000e+00,0.000000000000e+00,0.000000000000e+00,0.000000000000e+00,0.000000000000e+00,0.000000000000e+00,0.000000000000e+00,1.539841222398e+04,1.164685685917e+01,4.265393401209e-03,2.448633139405e-02,3.925054617008e-03,1.541864476377e-01
D,S3,1728,576,2,SG_RBGS,1,26932,9.994985013848e-08,1.775872442756e+03,7.939881063255e+03,1.304335406756e+05,85.099765666,85.099765666,0.000000000000e+00,0.000000000000e+00,0.000000000000e+00,0.000000000000e+00,0.000000000000e+00,0.000000000000e+00,0.000000000000e+00,7.939881063255e+03,5.980482455807e+00,2.153819624433e-03,1.257159267229e-02,1.982036651712e-03,8.425083467152e-02
D,S3,1728,576,2,MG3V,1,36,9.158303679633e-08,1.775859428658e+03,7.939812628092e+03,1.304334805268e+05,33.840813726,33.840813726,0.000000000000e+00,0.000000000000e+00,0.000000000000e+00,0.000000000000e+00,0.000000000000e+00,0.000000000000e+00,0.000000000000e+00,7.939812628092e+03,5.980429699174e+00,2.153795869618e-03,1.257148177239e-02,1.982014791519e-03,8.425032843436e-02
D,S3,1728,576,2,MG2W,1,23,8.735571136217e-08,1.775865706686e+03,7.939845842725e+03,1.304335096461e+05,54.654786814,54.654786814,0.000000000000e+00,0.000000000000e+00,0.000000000000e+00,0.000000000000e+00,0.000000000000e+00,0.000000000000e+00,0.000000000000e+00,7.939845842725e+03,5.980455317619e+00,2.153808292139e-03,1.257153562501e-02,1.982026223252e-03,8.425057387276e-02
D,S3,1728,576,2,MG2V,1,45,9.332681640538e-08,1.775867562108e+03,7.939855699127e+03,1.304335207893e+05,83.518400598,83.518400598,0.000000000000e+00,0.000000000000e+00,0.000000000000e+00,0.000000000000e+00,0.000000000000e+00,0.000000000000e+00,0.000000000000e+00,7.939855699127e+03,5.980462898877e+00,2.153811679540e-03,1.257155156160e-02,1.982029340482e-03,8.425064749397e-02
D,S3,1728,576,2,RMT3H,1,13,8.812089141336e-08,1.775859428688e+03,7.939812628106e+03,1.304334805195e+05,293.399151430,293.399151430,0.000000000000e+00,0.000000000000e+00,0.000000000000e+00,0.000000000000e+00,0.000000000000e+00,0.000000000000e+00,0.000000000000e+00,7.939812628106e+03,5.980429699207e+00,2.153795869835e-03,1.257148177245e-02,1.982014791718e-03,8.425032843361e-02
D,S3,1728,576,1,SG_RBGS,1,26932,9.994985013851e-08,1.775872442755e+03,7.939881063254e+03,1.304335406756e+05,173.440825693,173.440825693,0.000000000000e+00,0.000000000000e+00,0.000000000000e+00,0.000000000000e+00,0.000000000000e+00,0.000000000000e+00,0.000000000000e+00,7.939881063254e+03,5.980482455807e+00,2.153819624433e-03,1.257159267229e-02,1.982036651712e-03,8.425083467152e-02
D,S3,1728,576,1,MG3V,1,36,9.158303679635e-08,1.775859428657e+03,7.939812628091e+03,1.304334805268e+05,57.103624910,57.103624910,0.000000000000e+00,0.000000000000e+00,0.000000000000e+00,0.000000000000e+00,0.000000000000e+00,0.000000000000e+00,0.000000000000e+00,7.939812628091e+03,5.980429699174e+00,2.153795869618e-03,1.257148177239e-02,1.982014791519e-03,8.425032843436e-02
D,S3,1728,576,1,MG2W,1,23,8.735571136219e-08,1.775865706685e+03,7.939845842724e+03,1.304335096461e+05,99.774556205,99.774556205,0.000000000000e+00,0.000000000000e+00,0.000000000000e+00,0.000000000000e+00,0.000000000000e+00,0.000000000000e+00,0.000000000000e+00,7.939845842724e+03,5.980455317619e+00,2.153808292139e-03,1.257153562501e-02,1.982026223252e-03,8.425057387276e-02
D,S3,1728,576,1,MG2V,1,45,9.332681640541e-08,1.775867562107e+03,7.939855699127e+03,1.304335207893e+05,158.741050944,158.741050944,0.000000000000e+00,0.000000000000e+00,0.000000000000e+00,0.000000000000e+00,0.000000000000e+00,0.000000000000e+00,0.000000000000e+00,7.939855699127e+03,5.980462898877e+00,2.153811679540e-03,1.257155156160e-02,1.982029340482e-03,8.425064749397e-02
D,S3,1728,576,1,RMT3H,1,13,8.812089141338e-08,1.775859428687e+03,7.939812628105e+03,1.304334805195e+05,549.168568134,549.168568134,0.000000000000e+00,0.000000000000e+00,0.000000000000e+00,0.000000000000e+00,0.000000000000e+00,0.000000000000e+00,0.000000000000e+00,7.939812628105e+03,5.980429699207e+00,2.153795869835e-03,1.257148177245e-02,1.982014791718e-03,8.425032843361e-02
D,S3,1728,576,4,SG_RBGS,1,26932,9.994985013853e-08,1.775872442756e+03,7.939881063255e+03,1.304335406756e+05,45.878186332,45.878186332,0.000000000000e+00,0.000000000000e+00,0.000000000000e+00,0.000000000000e+00,0.000000000000e+00,0.000000000000e+00,0.000000000000e+00,7.939881063255e+03,5.980482455807e+00,2.153819624433e-03,1.257159267229e-02,1.982036651712e-03,8.425083467152e-02
D,S3,1728,576,4,MG3V,1,36,9.158303679637e-08,1.775859428658e+03,7.939812628092e+03,1.304334805268e+05,21.509204501,21.509204501,0.000000000000e+00,0.000000000000e+00,0.000000000000e+00,0.000000000000e+00,0.000000000000e+00,0.000000000000e+00,0.000000000000e+00,7.939812628092e+03,5.980429699174e+00,2.153795869618e-03,1.257148177239e-02,1.982014791519e-03,8.425032843436e-02
D,S3,1728,576,4,MG2W,1,23,8.735571136221e-08,1.775865706686e+03,7.939845842725e+03,1.304335096461e+05,32.346994108,32.346994108,0.000000000000e+00,0.000000000000e+00,0.000000000000e+00,0.000000000000e+00,0.000000000000e+00,0.000000000000e+00,0.000000000000e+00,7.939845842725e+03,5.980455317619e+00,2.153808292139e-03,1.257153562501e-02,1.982026223252e-03,8.425057387276e-02
D,S3,1728,576,4,MG2V,1,45,9.332681640542e-08,1.775867562108e+03,7.939855699128e+03,1.304335207893e+05,46.913908962,46.913908962,0.000000000000e+00,0.000000000000e+00,0.000000000000e+00,0.000000000000e+00,0.000000000000e+00,0.000000000000e+00,0.000000000000e+00,7.939855699128e+03,5.980462898877e+00,2.153811679540e-03,1.257155156160e-02,1.982029340482e-03,8.425064749397e-02
D,S3,1728,576,4,RMT3H,1,13,8.812089141340e-08,1.775859428688e+03,7.939812628106e+03,1.304334805195e+05,153.213925796,153.213925796,0.000000000000e+00,0.000000000000e+00,0.000000000000e+00,0.000000000000e+00,0.000000000000e+00,0.000000000000e+00,0.000000000000e+00,7.939812628106e+03,5.980429699207e+00,2.153795869835e-03,1.257148177245e-02,1.982014791718e-03,8.425032843361e-02
D,S3,1728,576,16,SG_RBGS,1,26932,9.994985013852e-08,1.775872442756e+03,7.939881063255e+03,1.304335406756e+05,21.001178101,21.001178101,0.000000000000e+00,0.000000000000e+00,0.000000000000e+00,0.000000000000e+00,0.000000000000e+00,0.000000000000e+00,0.000000000000e+00,7.939881063255e+03,5.980482455807e+00,2.153819624433e-03,1.257159267229e-02,1.982036651712e-03,8.425083467152e-02
D,S3,1728,576,16,MG3V,1,36,9.158303679636e-08,1.775859428659e+03,7.939812628092e+03,1.304334805268e+05,12.593338266,12.593338266,0.000000000000e+00,0.000000000000e+00,0.000000000000e+00,0.000000000000e+00,0.000000000000e+00,0.000000000000e+00,0.000000000000e+00,7.939812628092e+03,5.980429699174e+00,2.153795869618e-03,1.257148177239e-02,1.982014791519e-03,8.425032843436e-02
D,S3,1728,576,16,MG2W,1,23,8.735571136220e-08,1.775865706686e+03,7.939845842726e+03,1.304335096461e+05,15.702352114,15.702352114,0.000000000000e+00,0.000000000000e+00,0.000000000000e+00,0.000000000000e+00,0.000000000000e+00,0.000000000000e+00,0.000000000000e+00,7.939845842726e+03,5.980455317619e+00,2.153808292139e-03,1.257153562501e-02,1.982026223252e-03,8.425057387276e-02
D,S3,1728,576,16,MG2V,1,45,9.332681640541e-08,1.775867562109e+03,7.939855699128e+03,1.304335207893e+05,19.147412077,19.147412077,0.000000000000e+00,0.000000000000e+00,0.000000000000e+00,0.000000000000e+00,0.000000000000e+00,0.000000000000e+00,0.000000000000e+00,7.939855699128e+03,5.980462898877e+00,2.153811679540e-03,1.257155156160e-02,1.982029340482e-03,8.425064749397e-02
D,S3,1728,576,16,RMT3H,1,13,8.812089141339e-08,1.775859428688e+03,7.939812628106e+03,1.304334805195e+05,46.298611321,46.298611321,0.000000000000e+00,0.000000000000e+00,0.000000000000e+00,0.000000000000e+00,0.000000000000e+00,0.000000000000e+00,0.000000000000e+00,7.939812628106e+03,5.980429699207e+00,2.153795869835e-03,1.257148177245e-02,1.982014791718e-03,8.425032843361e-02
D,S3,432,144,2,SG_RBGS,1,1808,9.899017345295e-08,6.720716700578e+03,2.912683662637e+04,4.428932342063e+05,0.851136856,0.851136856,0.000000000000e+00,0.000000000000e+00,0.000000000000e+00,0.000000000000e+00,0.000000000000e+00,0.000000000000e+00,0.000000000000e+00,2.912683662637e+04,2.219556953904e+01,8.400851315567e-03,4.667701546641e-02,7.729981993132e-03,2.641006156049e-01
D,S3,432,144,2,MG3V,1,22,4.474252275272e-08,6.720705147081e+03,2.912677368429e+04,4.428931727267e+05,1.486384083,1.486384083,0.000000000000e+00,0.000000000000e+00,0.000000000000e+00,0.000000000000e+00,0.000000000000e+00,0.000000000000e+00,0.000000000000e+00,2.912677368429e+04,2.219552028906e+01,8.400824187025e-03,4.667691189428e-02,7.729957031002e-03,2.641002604620e-01
D,S3,432,144,2,MG2W,1,18,8.253814575425e-08,6.720705145554e+03,2.912677366679e+04,4.428931728220e+05,2.764819060,2.764819060,0.000000000000e+00,0.000000000000e+00,0.000000000000e+00,0.000000000000e+00,0.000000000000e+00,0.000000000000e+00,0.000000000000e+00,2.912677366679e+04,2.219552027577e+01,8.400824185087e-03,4.667691186633e-02,7.729957029219e-03,2.641002603587e-01
D,S3,432,144,2,MG2V,1,18,9.694098507021e-08,6.720705143148e+03,2.912677365243e+04,4.428931728153e+05,2.458293907,2.458293907,0.000000000000e+00,0.000000000000e+00,0.000000000000e+00,0.000000000000e+00,0.000000000000e+00,0.000000000000e+00,0.000000000000e+00,2.912677365243e+04,2.219552026448e+01,8.400824181638e-03,4.667691184260e-02,7.729957026046e-03,2.641002602834e-01
D,S3,432,144,2,RMT3H,1,9,1.343036473772e-08,6.720705146308e+03,2.912677364850e+04,4.428931718747e+05,10.947083332,10.947083332,0.000000000000e+00,0.000000000000e+00,0.000000000000e+00,0.000000000000e+00,0.000000000000e+00,0.000000000000e+00,0.000000000000e+00,2.912677364850e+04,2.219552026357e+01,8.400824200844e-03,4.667691184068e-02,7.729957043718e-03,2.641002602583e-01
D,S3,432,144,1,SG_RBGS,1,1808,9.899017345295e-08,6.720716700578e+03,2.912683662637e+04,4.428932342063e+05,1.180755228,1.180755228,0.000000000000e+00,0.000000000000e+00,0.000000000000e+00,0.000000000000e+00,0.000000000000e+00,0.000000000000e+00,0.000000000000e+00,2.912683662637e+04,2.219556953904e+01,8.400851315567e-03,4.667701546641e-02,7.729981993132e-03,2.641006156049e-01
D,S3,432,144,1,MG3V,1,22,4.474252275272e-08,6.720705147081e+03,2.912677368429e+04,4.428931727267e+05,2.373628490,2.373628490,0.000000000000e+00,0.000000000000e+00,0.000000000000e+00,0.000000000000e+00,0.000000000000e+00,0.000000000000e+00,0.000000000000e+00,2.912677368429e+04,2.219552028906e+01,8.400824187025e-03,4.667691189428e-02,7.729957031002e-03,2.641002604620e-01
D,S3,432,144,1,MG2W,1,18,8.253814575425e-08,6.720705145554e+03,2.912677366679e+04,4.428931728220e+05,4.912437841,4.912437841,0.000000000000e+00,0.000000000000e+00,0.000000000000e+00,0.000000000000e+00,0.000000000000e+00,0.000000000000e+00,0.000000000000e+00,2.912677366679e+04,2.219552027577e+01,8.400824185087e-03,4.667691186633e-02,7.729957029219e-03,2.641002603587e-01
D,S3,432,144,1,MG2V,1,18,9.694098507021e-08,6.720705143148e+03,2.912677365243e+04,4.428931728153e+05,4.259348780,4.259348780,0.000000000000e+00,0.000000000000e+00,0.000000000000e+00,0.000000000000e+00,0.000000000000e+00,0.000000000000e+00,0.000000000000e+00,2.912677365243e+04,2.219552026448e+01,8.400824181638e-03,4.667691184260e-02,7.729957026046e-03,2.641002602834e-01
D,S3,432,144,1,RMT3H,1,9,1.343036473772e-08,6.720705146308e+03,2.912677364850e+04,4.428931718747e+05,20.118061595,20.118061595,0.000000000000e+00,0.000000000000e+00,0.000000000000e+00,0.000000000000e+00,0.000000000000e+00,0.000000000000e+00,0.000000000000e+00,2.912677364850e+04,2.219552026357e+01,8.400824200844e-03,4.667691184068e-02,7.729957043718e-03,2.641002602583e-01
D,S3,432,144,4,SG_RBGS,1,1808,9.899017345295e-08,6.720716700578e+03,2.912683662637e+04,4.428932342063e+05,0.765996158,0.765996158,0.000000000000e+00,0.000000000000e+00,0.000000000000e+00,0.000000000000e+00,0.000000000000e+00,0.000000000000e+00,0.000000000000e+00,2.912683662637e+04,2.219556953904e+01,8.400851315567e-03,4.667701546641e-02,7.729981993132e-03,2.641006156049e-01
D,S3,432,144,4,MG3V,1,22,4.474252275272e-08,6.720705147081e+03,2.912677368429e+04,4.428931727267e+05,1.089616012,1.089616012,0.000000000000e+00,0.000000000000e+00,0.000000000000e+00,0.000000000000e+00,0.000000000000e+00,0.000000000000e+00,0.000000000000e+00,2.912677368429e+04,2.219552028906e+01,8.400824187025e-03,4.667691189428e-02,7.729957031002e-03,2.641002604620e-01
D,S3,432,144,4,MG2W,1,18,8.253814575425e-08,6.720705145555e+03,2.912677366679e+04,4.428931728220e+05,1.750006992,1.750006992,0.000000000000e+00,0.000000000000e+00,0.000000000000e+00,0.000000000000e+00,0.000000000000e+00,0.000000000000e+00,0.000000000000e+00,2.912677366679e+04,2.219552027577e+01,8.400824185087e-03,4.667691186633e-02,7.729957029219e-03,2.641002603587e-01
D,S3,432,144,4,MG2V,1,18,9.694098507021e-08,6.720705143148e+03,2.912677365243e+04,4.428931728153e+05,1.548200864,1.548200864,0.000000000000e+00,0.000000000000e+00,0.000000000000e+00,0.000000000000e+00,0.000000000000e+00,0.000000000000e+00,0.000000000000e+00,2.912677365243e+04,2.219552026448e+01,8.400824181638e-03,4.667691184260e-02,7.729957026046e-03,2.641002602834e-01
D,S3,432,144,4,RMT3H,1,9,1.343036473772e-08,6.720705146308e+03,2.912677364850e+04,4.428931718747e+05,5.884019386,5.884019386,0.000000000000e+00,0.000000000000e+00,0.000000000000e+00,0.000000000000e+00,0.000000000000e+00,0.000000000000e+00,0.000000000000e+00,2.912677364850e+04,2.219552026357e+01,8.400824200844e-03,4.667691184068e-02,7.729957043718e-03,2.641002602583e-01
D,S3,432,144,16,SG_RBGS,1,1808,9.899017345295e-08,6.720716700578e+03,2.912683662637e+04,4.428932342063e+05,0.653528914,0.653528914,0.000000000000e+00,0.000000000000e+00,0.000000000000e+00,0.000000000000e+00,0.000000000000e+00,0.000000000000e+00,0.000000000000e+00,2.912683662637e+04,2.219556953904e+01,8.400851315567e-03,4.667701546641e-02,7.729981993132e-03,2.641006156049e-01
D,S3,432,144,16,MG3V,1,22,4.474252275272e-08,6.720705147081e+03,2.912677368429e+04,4.428931727267e+05,0.732549392,0.732549392,0.000000000000e+00,0.000000000000e+00,0.000000000000e+00,0.000000000000e+00,0.000000000000e+00,0.000000000000e+00,0.000000000000e+00,2.912677368429e+04,2.219552028906e+01,8.400824187025e-03,4.667691189428e-02,7.729957031002e-03,2.641002604620e-01
D,S3,432,144,16,MG2W,1,18,8.253814575425e-08,6.720705145555e+03,2.912677366679e+04,4.428931728220e+05,0.908832081,0.908832081,0.000000000000e+00,0.000000000000e+00,0.000000000000e+00,0.000000000000e+00,0.000000000000e+00,0.000000000000e+00,0.000000000000e+00,2.912677366679e+04,2.219552027577e+01,8.400824185087e-03,4.667691186633e-02,7.729957029219e-03,2.641002603587e-01
D,S3,432,144,16,MG2V,1,18,9.694098507021e-08,6.720705143148e+03,2.912677365243e+04,4.428931728153e+05,0.845574178,0.845574178,0.000000000000e+00,0.000000000000e+00,0.000000000000e+00,0.000000000000e+00,0.000000000000e+00,0.000000000000e+00,0.000000000000e+00,2.912677365243e+04,2.219552026448e+01,8.400824181638e-03,4.667691184260e-02,7.729957026046e-03,2.641002602834e-01
D,S3,432,144,16,RMT3H,1,9,1.343036473772e-08,6.720705146308e+03,2.912677364850e+04,4.428931718747e+05,1.932571225,1.932571225,0.000000000000e+00,0.000000000000e+00,0.000000000000e+00,0.000000000000e+00,0.000000000000e+00,0.000000000000e+00,0.000000000000e+00,2.912677364850e+04,2.219552026357e+01,8.400824200844e-03,4.667691184068e-02,7.729957043718e-03,2.641002602583e-01
D,S2,216,72,2,SG_RBGS,1,906,9.868127352547e-08,9.903710860454e+03,3.307131075813e+04,3.169088970064e+05,0.172989767,0.172989767,0.000000000000e+00,0.000000000000e+00,0.000000000000e+00,0.000000000000e+00,0.000000000000e+00,0.000000000000e+00,0.000000000000e+00,3.307131075813e+04,2.632150429640e+01,1.186553806906e-02,5.415853175232e-02,1.124809684873e-02,3.056795304743e-01
D,S2,216,72,2,MG3V,1,14,2.596385167638e-08,9.903694922746e+03,3.307124040735e+04,3.169087888890e+05,0.275477089,0.275477089,0.000000000000e+00,0.000000000000e+00,0.000000000000e+00,0.000000000000e+00,0.000000000000e+00,0.000000000000e+00,0.000000000000e+00,3.307124040735e+04,2.632144679020e+01,1.186551398709e-02,5.415841342887e-02,1.124807401990e-02,3.056791401376e-01
D,S2,216,72,2,MG2W,1,12,1.866286178767e-08,9.903694918986e+03,3.307124047547e+04,3.169087888172e+05,0.498968169,0.498968169,0.000000000000e+00,0.000000000000e+00,0.000000000000e+00,0.000000000000e+00,0.000000000000e+00,0.000000000000e+00,0.000000000000e+00,3.307124047547e+04,2.632144683912e+01,1.186551391550e-02,5.415841352952e-02,1.124807395204e-02,3.056791407801e-01
D,S2,216,72,2,MG2V,1,12,2.060291738154e-08,9.903694921162e+03,3.307124048334e+04,3.169087887642e+05,0.446129903,0.446129903,0.000000000000e+00,0.000000000000e+00,0.000000000000e+00,0.000000000000e+00,0.000000000000e+00,0.000000000000e+00,0.000000000000e+00,3.307124048334e+04,2.632144684573e+01,1.186551391809e-02,5.415841354312e-02,1.124807395450e-02,3.056791408147e-01
D,S2,216,72,2,RMT3H,1,7,3.811320272732e-08,9.903694916757e+03,3.307124101717e+04,3.169088072482e+05,1.740647225,1.740647225,0.000000000000e+00,0.000000000000e+00,0.000000000000e+00,0.000000000000e+00,0.000000000000e+00,0.000000000000e+00,0.000000000000e+00,3.307124101717e+04,2.632144721988e+01,1.186551390447e-02,5.415841431298e-02,1.124807394158e-02,3.056791473164e-01
D,S2,216,72,1,SG_RBGS,1,906,9.868127352547e-08,9.903710860454e+03,3.307131075813e+04,3.169088970064e+05,0.198463174,0.198463174,0.000000000000e+00,0.000000000000e+00,0.000000000000e+00,0.000000000000e+00,0.000000000000e+00,0.000000000000e+00,0.000000000000e+00,3.307131075813e+04,2.632150429640e+01,1.186553806906e-02,5.415853175232e-02,1.124809684873e-02,3.056795304743e-01
D,S2,216,72,1,MG3V,1,14,2.596385167638e-08,9.903694922746e+03,3.307124040735e+04,3.169087888890e+05,0.412120711,0.412120711,0.000000000000e+00,0.000000000000e+00,0.000000000000e+00,0.000000000000e+00,0.000000000000e+00,0.000000000000e+00,0.000000000000e+00,3.307124040735e+04,2.632144679020e+01,1.186551398709e-02,5.415841342887e-02,1.124807401990e-02,3.056791401376e-01
D,S2,216,72,1,MG2W,1,12,1.866286178767e-08,9.903694918986e+03,3.307124047547e+04,3.169087888172e+05,0.847494075,0.847494075,0.000000000000e+00,0.000000000000e+00,0.000000000000e+00,0.000000000000e+00,0.000000000000e+00,0.000000000000e+00,0.000000000000e+00,3.307124047547e+04,2.632144683912e+01,1.186551391550e-02,5.415841352952e-02,1.124807395204e-02,3.056791407801e-01
D,S2,216,72,1,MG2V,1,12,2.060291738154e-08,9.903694921162e+03,3.307124048334e+04,3.169087887642e+05,0.728826961,0.728826961,0.000000000000e+00,0.000000000000e+00,0.000000000000e+00,0.000000000000e+00,0.000000000000e+00,0.000000000000e+00,0.000000000000e+00,3.307124048334e+04,2.632144684573e+01,1.186551391809e-02,5.415841354312e-02,1.124807395450e-02,3.056791408147e-01
D,S2,216,72,1,RMT3H,1,7,3.811320272732e-08,9.903694916757e+03,3.307124101717e+04,3.169088072482e+05,3.198152399,3.198152399,0.000000000000e+00,0.000000000000e+00,0.000000000000e+00,0.000000000000e+00,0.000000000000e+00,0.000000000000e+00,0.000000000000e+00,3.307124101717e+04,2.632144721988e+01,1.186551390447e-02,5.415841431298e-02,1.124807394158e-02,3.056791473164e-01
D,S2,216,72,4,SG_RBGS,1,906,9.868127352547e-08,9.903710860454e+03,3.307131075813e+04,3.169088970064e+05,0.157923374,0.157923374,0.000000000000e+00,0.000000000000e+00,0.000000000000e+00,0.000000000000e+00,0.000000000000e+00,0.000000000000e+00,0.000000000000e+00,3.307131075813e+04,2.632150429640e+01,1.186553806906e-02,5.415853175232e-02,1.124809684873e-02,3.056795304743e-01
D,S2,216,72,4,MG3V,1,14,2.596385167638e-08,9.903694922746e+03,3.307124040735e+04,3.169087888890e+05,0.227917604,0.227917604,0.000000000000e+00,0.000000000000e+00,0.000000000000e+00,0.000000000000e+00,0.000000000000e+00,0.000000000000e+00,0.000000000000e+00,3.307124040735e+04,2.632144679020e+01,1.186551398709e-02,5.415841342887e-02,1.124807401990e-02,3.056791401376e-01
D,S2,216,72,4,MG2W,1,12,1.866286178767e-08,9.903694918986e+03,3.307124047547e+04,3.169087888172e+05,0.338602023,0.338602023,0.000000000000e+00,0.000000000000e+00,0.000000000000e+00,0.000000000000e+00,0.000000000000e+00,0.000000000000e+00,0.000000000000e+00,3.307124047547e+04,2.632144683912e+01,1.186551391550e-02,5.415841352952e-02,1.124807395204e-02,3.056791407801e-01
D,S2,216,72,4,MG2V,1,12,2.060291738154e-08,9.903694921162e+03,3.307124048334e+04,3.169087887642e+05,0.295175256,0.295175256,0.000000000000e+00,0.000000000000e+00,0.000000000000e+00,0.000000000000e+00,0.000000000000e+00,0.000000000000e+00,0.000000000000e+00,3.307124048334e+04,2.632144684573e+01,1.186551391809e-02,5.415841354312e-02,1.124807395450e-02,3.056791408147e-01
D,S2,216,72,4,RMT3H,1,7,3.811320272732e-08,9.903694916757e+03,3.307124101717e+04,3.169088072482e+05,0.947460886,0.947460886,0.000000000000e+00,0.000000000000e+00,0.000000000000e+00,0.000000000000e+00,0.000000000000e+00,0.000000000000e+00,0.000000000000e+00,3.307124101717e+04,2.632144721988e+01,1.186551390447e-02,5.415841431298e-02,1.124807394158e-02,3.056791473164e-01
D,S2,216,72,16,SG_RBGS,1,906,9.868127352547e-08,9.903710860454e+03,3.307131075813e+04,3.169088970064e+05,0.182187360,0.182187360,0.000000000000e+00,0.000000000000e+00,0.000000000000e+00,0.000000000000e+00,0.000000000000e+00,0.000000000000e+00,0.000000000000e+00,3.307131075813e+04,2.632150429640e+01,1.186553806906e-02,5.415853175232e-02,1.124809684873e-02,3.056795304743e-01
D,S2,216,72,16,MG3V,1,14,2.596385167638e-08,9.903694922746e+03,3.307124040735e+04,3.169087888890e+05,0.179451957,0.179451957,0.000000000000e+00,0.000000000000e+00,0.000000000000e+00,0.000000000000e+00,0.000000000000e+00,0.000000000000e+00,0.000000000000e+00,3.307124040735e+04,2.632144679020e+01,1.186551398709e-02,5.415841342887e-02,1.124807401990e-02,3.056791401376e-01
D,S2,216,72,16,MG2W,1,12,1.866286178767e-08,9.903694918986e+03,3.307124047547e+04,3.169087888172e+05,0.225580093,0.225580093,0.000000000000e+00,0.000000000000e+00,0.000000000000e+00,0.000000000000e+00,0.000000000000e+00,0.000000000000e+00,0.000000000000e+00,3.307124047547e+04,2.632144683912e+01,1.186551391550e-02,5.415841352952e-02,1.124807395204e-02,3.056791407801e-01
D,S2,216,72,16,MG2V,1,12,2.060291738154e-08,9.903694921162e+03,3.307124048334e+04,3.169087887642e+05,0.201690655,0.201690655,0.000000000000e+00,0.000000000000e+00,0.000000000000e+00,0.000000000000e+00,0.000000000000e+00,0.000000000000e+00,0.000000000000e+00,3.307124048334e+04,2.632144684573e+01,1.186551391809e-02,5.415841354312e-02,1.124807395450e-02,3.056791408147e-01
D,S2,216,72,16,RMT3H,1,7,3.811320272732e-08,9.903694916757e+03,3.307124101717e+04,3.169088072482e+05,0.359875586,0.359875586,0.000000000000e+00,0.000000000000e+00,0.000000000000e+00,0.000000000000e+00,0.000000000000e+00,0.000000000000e+00,0.000000000000e+00,3.307124101717e+04,2.632144721988e+01,1.186551390447e-02,5.415841431298e-02,1.124807394158e-02,3.056791473164e-01
D,S2,108,36,2,SG_RBGS,1,252,9.567088166292e-08,1.839471605686e+04,6.022795505412e+04,4.992090027462e+05,0.038322585,0.038322585,0.000000000000e+00,0.000000000000e+00,0.000000000000e+00,0.000000000000e+00,0.000000000000e+00,0.000000000000e+00,0.000000000000e+00,6.022795505412e+04,4.849572847342e+01,2.369776769393e-02,9.989984314497e-02,2.245474722047e-02,4.693972452256e-01
D,S2,108,36,2,MG3V,1,12,6.019364717888e-08,1.839470217837e+04,6.022789682572e+04,4.992089472701e+05,0.064632960,0.064632960,0.000000000000e+00,0.000000000000e+00,0.000000000000e+00,0.000000000000e+00,0.000000000000e+00,0.000000000000e+00,0.000000000000e+00,6.022789682572e+04,4.849567965446e+01,2.369773894805e-02,9.989974257928e-02,2.245471998240e-02,4.693970497633e-01
D,S2,108,36,2,MG2W,1,8,6.024854092006e-08,1.839470120578e+04,6.022789279637e+04,4.992088974467e+05,0.093669735,0.093669735,0.000000000000e+00,0.000000000000e+00,0.000000000000e+00,0.000000000000e+00,0.000000000000e+00,0.000000000000e+00,0.000000000000e+00,6.022789279637e+04,4.849567638257e+01,2.369773756955e-02,9.989973583927e-02,2.245471867620e-02,4.693970345282e-01
D,S2,108,36,2,MG2V,1,9,5.975926007567e-08,1.839470073059e+04,6.022789107177e+04,4.992088863983e+05,0.086778309,0.086778309,0.000000000000e+00,0.000000000000e+00,0.000000000000e+00,0.000000000000e+00,0.000000000000e+00,0.000000000000e+00,0.000000000000e+00,6.022789107177e+04,4.849567499639e+01,2.369773721648e-02,9.989973298378e-02,2.245471834165e-02,4.693970245087e-01
D,S2,108,36,2,RMT3H,1,5,4.055677788894e-08,1.839470025990e+04,6.022788898030e+04,4.992089000901e+05,0.250332022,0.250332022,0.000000000000e+00,0.000000000000e+00,0.000000000000e+00,0.000000000000e+00,0.000000000000e+00,0.000000000000e+00,0.000000000000e+00,6.022788898030e+04,4.849567320461e+01,2.369773586266e-02,9.989972929276e-02,2.245471705885e-02,4.693970174450e-01
D,S2,108,36,1,SG_RBGS,1,252,9.567088166292e-08,1.839471605686e+04,6.022795505412e+04,4.992090027462e+05,0.040716514,0.040716514,0.000000000000e+00,0.000000000000e+00,0.000000000000e+00,0.000000000000e+00,0.000000000000e+00,0.000000000000e+00,0.000000000000e+00,6.022795505412e+04,4.849572847342e+01,2.369776769393e-02,9.989984314497e-02,2.245474722047e-02,4.693972452256e-01
D,S2,108,36,1,MG3V,1,12,6.019364717888e-08,1.839470217837e+04,6.022789682572e+04,4.992089472701e+05,0.089859327,0.089859327,0.000000000000e+00,0.000000000000e+00,0.000000000000e+00,0.000000000000e+00,0.000000000000e+00,0.000000000000e+00,0.000000000000e+00,6.022789682572e+04,4.849567965446e+01,2.369773894805e-02,9.989974257928e-02,2.245471998240e-02,4.693970497633e-01
D,S2,108,36,1,MG2W,1,8,6.024854092006e-08,1.839470120578e+04,6.022789279637e+04,4.992088974467e+05,0.147970410,0.147970410,0.000000000000e+00,0.000000000000e+00,0.000000000000e+00,0.000000000000e+00,0.000000000000e+00,0.000000000000e+00,0.000000000000e+00,6.022789279637e+04,4.849567638257e+01,2.369773756955e-02,9.989973583927e-02,2.245471867620e-02,4.693970345282e-01
D,S2,108,36,1,MG2V,1,9,5.975926007567e-08,1.839470073059e+04,6.022789107177e+04,4.992088863983e+05,0.141052382,0.141052382,0.000000000000e+00,0.000000000000e+00,0.000000000000e+00,0.000000000000e+00,0.000000000000e+00,0.000000000000e+00,0.000000000000e+00,6.022789107177e+04,4.849567499639e+01,2.369773721648e-02,9.989973298378e-02,2.245471834165e-02,4.693970245087e-01
D,S2,108,36,1,RMT3H,1,5,4.055677788894e-08,1.839470025990e+04,6.022788898030e+04,4.992089000901e+05,0.450662166,0.450662166,0.000000000000e+00,0.000000000000e+00,0.000000000000e+00,0.000000000000e+00,0.000000000000e+00,0.000000000000e+00,0.000000000000e+00,6.022788898030e+04,4.849567320461e+01,2.369773586266e-02,9.989972929276e-02,2.245471705885e-02,4.693970174450e-01
D,S2,108,36,4,SG_RBGS,1,252,9.567088166292e-08,1.839471605686e+04,6.022795505412e+04,4.992090027462e+05,0.036392825,0.036392825,0.000000000000e+00,0.000000000000e+00,0.000000000000e+00,0.000000000000e+00,0.000000000000e+00,0.000000000000e+00,0.000000000000e+00,6.022795505412e+04,4.849572847342e+01,2.369776769393e-02,9.989984314497e-02,2.245474722047e-02,4.693972452256e-01
D,S2,108,36,4,MG3V,1,12,6.019364717888e-08,1.839470217837e+04,6.022789682572e+04,4.992089472701e+05,0.054498566,0.054498566,0.000000000000e+00,0.000000000000e+00,0.000000000000e+00,0.000000000000e+00,0.000000000000e+00,0.000000000000e+00,0.000000000000e+00,6.022789682572e+04,4.849567965446e+01,2.369773894805e-02,9.989974257928e-02,2.245471998240e-02,4.693970497633e-01
D,S2,108,36,4,MG2W,1,8,6.024854092006e-08,1.839470120578e+04,6.022789279637e+04,4.992088974467e+05,0.071050709,0.071050709,0.000000000000e+00,0.000000000000e+00,0.000000000000e+00,0.000000000000e+00,0.000000000000e+00,0.000000000000e+00,0.000000000000e+00,6.022789279637e+04,4.849567638257e+01,2.369773756955e-02,9.989973583927e-02,2.245471867620e-02,4.693970345282e-01
D,S2,108,36,4,MG2V,1,9,5.975926007567e-08,1.839470073059e+04,6.022789107177e+04,4.992088863983e+05,0.067880321,0.067880321,0.000000000000e+00,0.000000000000e+00,0.000000000000e+00,0.000000000000e+00,0.000000000000e+00,0.000000000000e+00,0.000000000000e+00,6.022789107177e+04,4.849567499639e+01,2.369773721648e-02,9.989973298378e-02,2.245471834165e-02,4.693970245087e-01
D,S2,108,36,4,RMT3H,1,5,4.055677788894e-08,1.839470025990e+04,6.022788898030e+04,4.992089000901e+05,0.144154415,0.144154415,0.000000000000e+00,0.000000000000e+00,0.000000000000e+00,0.000000000000e+00,0.000000000000e+00,0.000000000000e+00,0.000000000000e+00,6.022788898030e+04,4.849567320461e+01,2.369773586266e-02,9.989972929276e-02,2.245471705885e-02,4.693970174450e-01
D,S2,108,36,16,SG_RBGS,1,252,9.567088166292e-08,1.839471605686e+04,6.022795505412e+04,4.992090027462e+05,0.038387977,0.038387977,0.000000000000e+00,0.000000000000e+00,0.000000000000e+00,0.000000000000e+00,0.000000000000e+00,0.000000000000e+00,0.000000000000e+00,6.022795505412e+04,4.849572847342e+01,2.369776769393e-02,9.989984314497e-02,2.245474722047e-02,4.693972452256e-01
D,S2,108,36,16,MG3V,1,12,6.019364717888e-08,1.839470217837e+04,6.022789682572e+04,4.992089472701e+05,0.044389306,0.044389306,0.000000000000e+00,0.000000000000e+00,0.000000000000e+00,0.000000000000e+00,0.000000000000e+00,0.000000000000e+00,0.000000000000e+00,6.022789682572e+04,4.849567965446e+01,2.369773894805e-02,9.989974257928e-02,2.245471998240e-02,4.693970497633e-01
D,S2,108,36,16,MG2W,1,8,6.024854092006e-08,1.839470120578e+04,6.022789279637e+04,4.992088974467e+05,0.050605839,0.050605839,0.000000000000e+00,0.000000000000e+00,0.000000000000e+00,0.000000000000e+00,0.000000000000e+00,0.000000000000e+00,0.000000000000e+00,6.022789279637e+04,4.849567638257e+01,2.369773756955e-02,9.989973583927e-02,2.245471867620e-02,4.693970345282e-01
D,S2,108,36,16,MG2V,1,9,5.975926007567e-08,1.839470073059e+04,6.022789107177e+04,4.992088863983e+05,0.046728503,0.046728503,0.000000000000e+00,0.000000000000e+00,0.000000000000e+00,0.000000000000e+00,0.000000000000e+00,0.000000000000e+00,0.000000000000e+00,6.022789107177e+04,4.849567499639e+01,2.369773721648e-02,9.989973298378e-02,2.245471834165e-02,4.693970245087e-01
D,S2,108,36,16,RMT3H,1,5,4.055677788894e-08,1.839470025990e+04,6.022788898030e+04,4.992089000901e+05,0.065266106,0.065266106,0.000000000000e+00,0.000000000000e+00,0.000000000000e+00,0.000000000000e+00,0.000000000000e+00,0.000000000000e+00,0.000000000000e+00,6.022788898030e+04,4.849567320461e+01,2.369773586266e-02,9.989972929276e-02,2.245471705885e-02,4.693970174450e-01
D,S2,864,288,2,SG_RBGS,1,13210,9.978764330571e-08,2.634165890029e+03,9.029906770574e+03,9.652296438732e+04,10.919200800,10.919200800,0.000000000000e+00,0.000000000000e+00,0.000000000000e+00,0.000000000000e+00,0.000000000000e+00,0.000000000000e+00,0.000000000000e+00,9.029906770574e+03,7.109676854045e+00,3.005558250151e-03,1.461594637284e-02,2.850106277444e-03,9.884255365487e-02
D,S2,864,288,2,MG3V,1,24,6.005413230355e-08,2.634148838717e+03,9.029829287866e+03,9.652281786784e+04,6.252851695,6.252851695,0.000000000000e+00,0.000000000000e+00,0.000000000000e+00,0.000000000000e+00,0.000000000000e+00,0.000000000000e+00,0.000000000000e+00,9.029829287866e+03,7.109614714810e+00,3.005537676263e-03,1.461581862811e-02,2.850086767669e-03,9.884192738092e-02
D,S2,864,288,2,MG2W,1,15,4.792761891000e-08,2.634148900948e+03,9.029829574674e+03,9.652281829659e+04,9.279414594,9.279414594,0.000000000000e+00,0.000000000000e+00,0.000000000000e+00,0.000000000000e+00,0.000000000000e+00,0.000000000000e+00,0.000000000000e+00,9.029829574674e+03,7.109614945591e+00,3.005537759436e-03,1.461581910255e-02,2.850086846540e-03,9.884192967351e-02
D,S2,864,288,2,MG2V,1,24,5.135066917746e-08,2.634152697010e+03,9.029846911439e+03,9.652284966866e+04,11.982481167,11.982481167,0.000000000000e+00,0.000000000000e+00,0.000000000000e+00,0.000000000000e+00,0.000000000000e+00,0.000000000000e+00,0.000000000000e+00,9.029846911439e+03,7.109628877558e+00,3.005542630951e-03,1.461584774363e-02,2.850091466093e-03,9.884206933165e-02
D,S2,864,288,2,RMT3H,1,11,1.785979391876e-08,2.634148840362e+03,9.029829292528e+03,9.652281791166e+04,52.491753362,52.491753362,0.000000000000e+00,0.000000000000e+00,0.000000000000e+00,0.000000000000e+00,0.000000000000e+00,0.000000000000e+00,0.000000000000e+00,9.029829292528e+03,7.109614718734e+00,3.005537679171e-03,1.461581863618e-02,2.850086770426e-03,9.884192741693e-02
D,S2,864,288,1,SG_RBGS,1,13210,9.978764330571e-08,2.634165890029e+03,9.029906770574e+03,9.652296438732e+04,19.518447217,19.518447217,0.000000000000e+00,0.000000000000e+00,0.000000000000e+00,0.000000000000e+00,0.000000000000e+00,0.000000000000e+00,0.000000000000e+00,9.029906770574e+03,7.109676854045e+00,3.005558250151e-03,1.461594637284e-02,2.850106277444e-03,9.884255365487e-02
D,S2,864,288,1,MG3V,1,24,6.005413230355e-08,2.634148838717e+03,9.029829287866e+03,9.652281786784e+04,10.138601311,10.138601311,0.000000000000e+00,0.000000000000e+00,0.000000000000e+00,0.000000000000e+00,0.000000000000e+00,0.000000000000e+00,0.000000000000e+00,9.029829287866e+03,7.109614714810e+00,3.005537676263e-03,1.461581862811e-02,2.850086767669e-03,9.884192738092e-02
D,S2,864,288,1,MG2W,1,15,4.792761891000e-08,2.634148900948e+03,9.029829574674e+03,9.652281829659e+04,16.848978098,16.848978098,0.000000000000e+00,0.000000000000e+00,0.000000000000e+00,0.000000000000e+00,0.000000000000e+00,0.000000000000e+00,0.000000000000e+00,9.029829574674e+03,7.109614945591e+00,3.005537759436e-03,1.461581910255e-02,2.850086846540e-03,9.884192967351e-02
D,S2,864,288,1,MG2V,1,24,5.135066917746e-08,2.634152697010e+03,9.029846911439e+03,9.652284966866e+04,22.311753023,22.311753023,0.000000000000e+00,0.000000000000e+00,0.000000000000e+00,0.000000000000e+00,0.000000000000e+00,0.000000000000e+00,0.000000000000e+00,9.029846911439e+03,7.109628877558e+00,3.005542630951e-03,1.461584774363e-02,2.850091466093e-03,9.884206933165e-02
D,S2,864,288,1,RMT3H,1,11,1.785979391876e-08,2.634148840362e+03,9.029829292528e+03,9.652281791166e+04,97.695505641,97.695505641,0.000000000000e+00,0.000000000000e+00,0.000000000000e+00,0.000000000000e+00,0.000000000000e+00,0.000000000000e+00,0.000000000000e+00,9.029829292528e+03,7.109614718734e+00,3.005537679171e-03,1.461581863618e-02,2.850086770426e-03,9.884192741693e-02
D,S2,864,288,4,SG_RBGS,1,13210,9.978764330571e-08,2.634165890029e+03,9.029906770574e+03,9.652296438732e+04,6.681861311,6.681861311,0.000000000000e+00,0.000000000000e+00,0.000000000000e+00,0.000000000000e+00,0.000000000000e+00,0.000000000000e+00,0.000000000000e+00,9.029906770574e+03,7.109676854045e+00,3.005558250151e-03,1.461594637284e-02,2.850106277444e-03,9.884255365487e-02
D,S2,864,288,4,MG3V,1,24,6.005413230355e-08,2.634148838717e+03,9.029829287866e+03,9.652281786784e+04,4.422075868,4.422075868,0.000000000000e+00,0.000000000000e+00,0.000000000000e+00,0.000000000000e+00,0.000000000000e+00,0.000000000000e+00,0.000000000000e+00,9.029829287866e+03,7.109614714810e+00,3.005537676263e-03,1.461581862811e-02,2.850086767669e-03,9.884192738092e-02
D,S2,864,288,4,MG2W,1,15,4.792761891000e-08,2.634148900948e+03,9.029829574674e+03,9.652281829659e+04,5.822436504,5.822436504,0.000000000000e+00,0.000000000000e+00,0.000000000000e+00,0.000000000000e+00,0.000000000000e+00,0.000000000000e+00,0.000000000000e+00,9.029829574674e+03,7.109614945591e+00,3.005537759436e-03,1.461581910255e-02,2.850086846540e-03,9.884192967351e-02
D,S2,864,288,4,MG2V,1,24,5.135066917746e-08,2.634152697010e+03,9.029846911439e+03,9.652284966866e+04,7.461242571,7.461242571,0.000000000000e+00,0.000000000000e+00,0.000000000000e+00,0.000000000000e+00,0.000000000000e+00,0.000000000000e+00,0.000000000000e+00,9.029846911439e+03,7.109628877558e+00,3.005542630951e-03,1.461584774363e-02,2.850091466093e-03,9.884206933165e-02
D,S2,864,288,4,RMT3H,1,11,1.785979391876e-08,2.634148840362e+03,9.029829292528e+03,9.652281791166e+04,27.641918510,27.641918510,0.000000000000e+00,0.000000000000e+00,0.000000000000e+00,0.000000000000e+00,0.000000000000e+00,0.000000000000e+00,0.000000000000e+00,9.029829292528e+03,7.109614718734e+00,3.005537679171e-03,1.461581863618e-02,2.850086770426e-03,9.884192741693e-02
D,S2,864,288,16,SG_RBGS,1,13210,9.978764330571e-08,2.634165890029e+03,9.029906770575e+03,9.652296438732e+04,4.170799069,4.170799069,0.000000000000e+00,0.000000000000e+00,0.000000000000e+00,0.000000000000e+00,0.000000000000e+00,0.000000000000e+00,0.000000000000e+00,9.029906770575e+03,7.109676854045e+00,3.005558250151e-03,1.461594637284e-02,2.850106277444e-03,9.884255365487e-02
D,S2,864,288,16,MG3V,1,24,6.005413230355e-08,2.634148838717e+03,9.029829287866e+03,9.652281786784e+04,2.777458459,2.777458459,0.000000000000e+00,0.000000000000e+00,0.000000000000e+00,0.000000000000e+00,0.000000000000e+00,0.000000000000e+00,0.000000000000e+00,9.029829287866e+03,7.109614714810e+00,3.005537676263e-03,1.461581862811e-02,2.850086767669e-03,9.884192738092e-02
D,S2,864,288,16,MG2W,1,15,4.792761891000e-08,2.634148900948e+03,9.029829574674e+03,9.652281829659e+04,3.237173013,3.237173013,0.000000000000e+00,0.000000000000e+00,0.000000000000e+00,0.000000000000e+00,0.000000000000e+00,0.000000000000e+00,0.000000000000e+00,9.029829574674e+03,7.109614945591e+00,3.005537759436e-03,1.461581910255e-02,2.850086846540e-03,9.884192967351e-02
D,S2,864,288,16,MG2V,1,24,5.135066917746e-08,2.634152697010e+03,9.029846911439e+03,9.652284966866e+04,3.740412582,3.740412582,0.000000000000e+00,0.000000000000e+00,0.000000000000e+00,0.000000000000e+00,0.000000000000e+00,0.000000000000e+00,0.000000000000e+00,9.029846911439e+03,7.109628877558e+00,3.005542630951e-03,1.461584774363e-02,2.850091466093e-03,9.884206933165e-02
D,S2,864,288,16,RMT3H,1,11,1.785979391876e-08,2.634148840362e+03,9.029829292528e+03,9.652281791166e+04,8.842762157,8.842762157,0.000000000000e+00,0.000000000000e+00,0.000000000000e+00,0.000000000000e+00,0.000000000000e+00,0.000000000000e+00,0.000000000000e+00,9.029829292528e+03,7.109614718734e+00,3.005537679171e-03,1.461581863618e-02,2.850086770426e-03,9.884192741693e-02
D,S2,1728,576,2,SG_RBGS,1,51926,9.999993551340e-08,1.331928627309e+03,4.592397606472e+03,5.015086110847e+04,156.860112585,156.860112585,0.000000000000e+00,0.000000000000e+00,0.000000000000e+00,0.000000000000e+00,0.000000000000e+00,0.000000000000e+00,0.000000000000e+00,4.592397606472e+03,3.608317920203e+00,1.508097394889e-03,7.416835987468e-03,1.430175848051e-03,5.199084140210e-02
D,S2,1728,576,2,MG3V,1,29,9.999732079998e-08,1.331911426952e+03,4.592318986730e+03,5.015073426783e+04,27.265444458,27.265444458,0.000000000000e+00,0.000000000000e+00,0.000000000000e+00,0.000000000000e+00,0.000000000000e+00,0.000000000000e+00,0.000000000000e+00,4.592318986730e+03,3.608255079348e+00,1.508077409812e-03,7.416706819161e-03,1.430156895579e-03,5.199016390427e-02
D,S2,1728,576,2,MG2W,1,42,9.395773323252e-08,1.331925272107e+03,4.592382174636e+03,5.015084102740e+04,91.293585893,91.293585893,0.000000000000e+00,0.000000000000e+00,0.000000000000e+00,0.000000000000e+00,0.000000000000e+00,0.000000000000e+00,0.000000000000e+00,4.592382174636e+03,3.608305612190e+00,1.508093738084e-03,7.416810688556e-03,1.430172380189e-03,5.199070936278e-02
D,S2,1728,576,2,MG2V,1,84,8.422188422746e-08,1.331924356397e+03,4.592377981445e+03,5.015083461012e+04,143.681825444,143.681825444,0.000000000000e+00,0.000000000000e+00,0.000000000000e+00,0.000000000000e+00,0.000000000000e+00,0.000000000000e+00,0.000000000000e+00,4.592377981445e+03,3.608302254921e+00,1.508092615939e-03,7.416803787747e-03,1.430171316024e-03,5.199067335791e-02
D,S2,1728,576,2,RMT3H,1,12,4.463336106258e-08,1.331911491800e+03,4.592319497170e+03,5.015074781101e+04,270.832001280,270.832001280,0.000000000000e+00,0.000000000000e+00,0.000000000000e+00,0.000000000000e+00,0.000000000000e+00,0.000000000000e+00,0.000000000000e+00,4.592319497170e+03,3.608255443904e+00,1.508077392842e-03,7.416707568500e-03,1.430156879485e-03,5.199017250196e-02
D,S2,1728,576,1,SG_RBGS,1,51926,9.999993551340e-08,1.331928627309e+03,4.592397606472e+03,5.015086110847e+04,323.518584602,323.518584602,0.000000000000e+00,0.000000000000e+00,0.000000000000e+00,0.000000000000e+00,0.000000000000e+00,0.000000000000e+00,0.000000000000e+00,4.592397606472e+03,3.608317920203e+00,1.508097394889e-03,7.416835987468e-03,1.430175848051e-03,5.199084140210e-02
D,S2,1728,576,1,MG3V,1,29,9.999732079997e-08,1.331911426952e+03,4.592318986729e+03,5.015073426783e+04,46.664487012,46.664487012,0.000000000000e+00,0.000000000000e+00,0.000000000000e+00,0.000000000000e+00,0.000000000000e+00,0.000000000000e+00,0.000000000000e+00,4.592318986729e+03,3.608255079348e+00,1.508077409812e-03,7.416706819161e-03,1.430156895579e-03,5.199016390427e-02
D,S2,1728,576,1,MG2W,1,42,9.395773323252e-08,1.331925272107e+03,4.592382174635e+03,5.015084102740e+04,167.442414984,167.442414984,0.000000000000e+00,0.000000000000e+00,0.000000000000e+00,0.000000000000e+00,0.000000000000e+00,0.000000000000e+00,0.000000000000e+00,4.592382174635e+03,3.608305612190e+00,1.508093738084e-03,7.416810688556e-03,1.430172380189e-03,5.199070936278e-02
D,S2,1728,576,1,MG2V,1,84,8.422188422746e-08,1.331924356397e+03,4.592377981444e+03,5.015083461012e+04,280.806871191,280.806871191,0.000000000000e+00,0.000000000000e+00,0.000000000000e+00,0.000000000000e+00,0.000000000000e+00,0.000000000000e+00,0.000000000000e+00,4.592377981444e+03,3.608302254921e+00,1.508092615939e-03,7.416803787747e-03,1.430171316024e-03,5.199067335791e-02
D,S2,1728,576,1,RMT3H,1,12,4.463336106258e-08,1.331911491800e+03,4.592319497170e+03,5.015074781101e+04,506.494021550,506.494021550,0.000000000000e+00,0.000000000000e+00,0.000000000000e+00,0.000000000000e+00,0.000000000000e+00,0.000000000000e+00,0.000000000000e+00,4.592319497170e+03,3.608255443904e+00,1.508077392842e-03,7.416707568500e-03,1.430156879485e-03,5.199017250196e-02
D,S2,1728,576,4,SG_RBGS,1,51926,9.999993551341e-08,1.331928627309e+03,4.592397606473e+03,5.015086110847e+04,79.163966000,79.163966000,0.000000000000e+00,0.000000000000e+00,0.000000000000e+00,0.000000000000e+00,0.000000000000e+00,0.000000000000e+00,0.000000000000e+00,4.592397606473e+03,3.608317920203e+00,1.508097394889e-03,7.416835987468e-03,1.430175848051e-03,5.199084140210e-02
D,S2,1728,576,4,MG3V,1,29,9.999732079998e-08,1.331911426952e+03,4.592318986730e+03,5.015073426783e+04,18.754438832,18.754438832,0.000000000000e+00,0.000000000000e+00,0.000000000000e+00,0.000000000000e+00,0.000000000000e+00,0.000000000000e+00,0.000000000000e+00,4.592318986730e+03,3.608255079348e+00,1.508077409812e-03,7.416706819161e-03,1.430156895579e-03,5.199016390427e-02
D,S2,1728,576,4,MG2W,1,42,9.395773323253e-08,1.331925272107e+03,4.592382174636e+03,5.015084102740e+04,51.585151479,51.585151479,0.000000000000e+00,0.000000000000e+00,0.000000000000e+00,0.000000000000e+00,0.000000000000e+00,0.000000000000e+00,0.000000000000e+00,4.592382174636e+03,3.608305612190e+00,1.508093738084e-03,7.416810688556e-03,1.430172380189e-03,5.199070936278e-02
D,S2,1728,576,4,MG2V,1,84,8.422188422747e-08,1.331924356397e+03,4.592377981445e+03,5.015083461012e+04,80.282315470,80.282315470,0.000000000000e+00,0.000000000000e+00,0.000000000000e+00,0.000000000000e+00,0.000000000000e+00,0.000000000000e+00,0.000000000000e+00,4.592377981445e+03,3.608302254921e+00,1.508092615939e-03,7.416803787747e-03,1.430171316024e-03,5.199067335791e-02
D,S2,1728,576,4,RMT3H,1,12,4.463336106258e-08,1.331911491800e+03,4.592319497171e+03,5.015074781101e+04,141.139819026,141.139819026,0.000000000000e+00,0.000000000000e+00,0.000000000000e+00,0.000000000000e+00,0.000000000000e+00,0.000000000000e+00,0.000000000000e+00,4.592319497171e+03,3.608255443904e+00,1.508077392842e-03,7.416707568500e-03,1.430156879485e-03,5.199017250196e-02
D,S2,1728,576,16,SG_RBGS,1,51926,9.999993551341e-08,1.331928627309e+03,4.592397606473e+03,5.015086110847e+04,29.073233083,29.073233083,0.000000000000e+00,0.000000000000e+00,0.000000000000e+00,0.000000000000e+00,0.000000000000e+00,0.000000000000e+00,0.000000000000e+00,4.592397606473e+03,3.608317920203e+00,1.508097394889e-03,7.416835987468e-03,1.430175848051e-03,5.199084140210e-02
D,S2,1728,576,16,MG3V,1,29,9.999732079999e-08,1.331911426952e+03,4.592318986730e+03,5.015073426783e+04,11.398019321,11.398019321,0.000000000000e+00,0.000000000000e+00,0.000000000000e+00,0.000000000000e+00,0.000000000000e+00,0.000000000000e+00,0.000000000000e+00,4.592318986730e+03,3.608255079348e+00,1.508077409812e-03,7.416706819161e-03,1.430156895579e-03,5.199016390427e-02
D,S2,1728,576,16,MG2W,1,42,9.395773323253e-08,1.331925272107e+03,4.592382174636e+03,5.015084102740e+04,19.794700392,19.794700392,0.000000000000e+00,0.000000000000e+00,0.000000000000e+00,0.000000000000e+00,0.000000000000e+00,0.000000000000e+00,0.000000000000e+00,4.592382174636e+03,3.608305612190e+00,1.508093738084e-03,7.416810688556e-03,1.430172380189e-03,5.199070936278e-02
D,S2,1728,576,16,MG2V,1,84,8.422188422747e-08,1.331924356397e+03,4.592377981445e+03,5.015083461012e+04,27.334877245,27.334877245,0.000000000000e+00,0.000000000000e+00,0.000000000000e+00,0.000000000000e+00,0.000000000000e+00,0.000000000000e+00,0.000000000000e+00,4.592377981445e+03,3.608302254921e+00,1.508092615939e-03,7.416803787747e-03,1.430171316024e-03,5.199067335791e-02
D,S2,1728,576,16,RMT3H,1,12,4.463336106259e-08,1.331911491800e+03,4.592319497171e+03,5.015074781101e+04,43.312768012,43.312768012,0.000000000000e+00,0.000000000000e+00,0.000000000000e+00,0.000000000000e+00,0.000000000000e+00,0.000000000000e+00,0.000000000000e+00,4.592319497171e+03,3.608255443904e+00,1.508077392842e-03,7.416707568500e-03,1.430156879485e-03,5.199017250196e-02
D,S2,432,144,2,SG_RBGS,1,3412,9.988285880665e-08,5.155080561720e+03,1.749566254188e+04,1.803051059074e+05,1.075559948,1.075559948,0.000000000000e+00,0.000000000000e+00,0.000000000000e+00,0.000000000000e+00,0.000000000000e+00,0.000000000000e+00,0.000000000000e+00,1.749566254188e+04,1.382877941275e+01,5.976873120504e-03,2.843723147975e-02,5.667111201732e-03,1.800066348912e-01
D,S2,432,144,2,MG3V,1,20,3.089896763920e-08,5.155063813053e+03,1.749558704197e+04,1.803049734865e+05,2.007698659,2.007698659,0.000000000000e+00,0.000000000000e+00,0.000000000000e+00,0.000000000000e+00,0.000000000000e+00,0.000000000000e+00,0.000000000000e+00,1.749558704197e+04,1.382871846527e+01,5.976851260582e-03,2.843710614856e-02,5.667090474740e-03,1.800060974823e-01
D,S2,432,144,2,MG2W,1,15,7.042929418484e-08,5.155063813094e+03,1.749558704199e+04,1.803049735092e+05,2.311988614,2.311988614,0.000000000000e+00,0.000000000000e+00,0.000000000000e+00,0.000000000000e+00,0.000000000000e+00,0.000000000000e+00,0.000000000000e+00,1.749558704199e+04,1.382871846523e+01,5.976851260854e-03,2.843710614846e-02,5.667090474997e-03,1.800060974842e-01
D,S2,432,144,2,MG2V,1,16,5.138250224160e-08,5.155063813197e+03,1.749558704245e+04,1.803049735104e+05,2.232719041,2.232719041,0.000000000000e+00,0.000000000000e+00,0.000000000000e+00,0.000000000000e+00,0.000000000000e+00,0.000000000000e+00,0.000000000000e+00,1.749558704245e+04,1.382871846560e+01,5.976851260921e-03,2.843710614923e-02,5.667090475061e-03,1.800060974868e-01
D,S2,432,144,2,RMT3H,1,9,9.604659582628e-09,5.155063813672e+03,1.749558704767e+04,1.803049735118e+05,10.933340717,10.933340717,0.000000000000e+00,0.000000000000e+00,0.000000000000e+00,0.000000000000e+00,0.000000000000e+00,0.000000000000e+00,0.000000000000e+00,1.749558704767e+04,1.382871846948e+01,5.976851262442e-03,2.843710615720e-02,5.667090476503e-03,1.800060975658e-01
D,S2,432,144,1,SG_RBGS,1,3412,9.988285880665e-08,5.155080561720e+03,1.749566254188e+04,1.803051059074e+05,1.677539747,1.677539747,0.000000000000e+00,0.000000000000e+00,0.000000000000e+00,0.000000000000e+00,0.000000000000e+00,0.000000000000e+00,0.000000000000e+00,1.749566254188e+04,1.382877941275e+01,5.976873120504e-03,2.843723147975e-02,5.667111201732e-03,1.800066348912e-01
D,S2,432,144,1,MG3V,1,20,3.089896763920e-08,5.155063813053e+03,1.749558704197e+04,1.803049734865e+05,2.173161034,2.173161034,0.000000000000e+00,0.000000000000e+00,0.000000000000e+00,0.000000000000e+00,0.000000000000e+00,0.000000000000e+00,0.000000000000e+00,1.749558704197e+04,1.382871846527e+01,5.976851260582e-03,2.843710614856e-02,5.667090474740e-03,1.800060974823e-01
D,S2,432,144,1,MG2W,1,15,7.042929418484e-08,5.155063813094e+03,1.749558704199e+04,1.803049735092e+05,4.140218128,4.140218128,0.000000000000e+00,0.000000000000e+00,0.000000000000e+00,0.000000000000e+00,0.000000000000e+00,0.000000000000e+00,0.000000000000e+00,1.749558704199e+04,1.382871846523e+01,5.976851260854e-03,2.843710614846e-02,5.667090474997e-03,1.800060974842e-01
D,S2,432,144,1,MG2V,1,16,5.138250224160e-08,5.155063813197e+03,1.749558704245e+04,1.803049735104e+05,3.746626597,3.746626597,0.000000000000e+00,0.000000000000e+00,0.000000000000e+00,0.000000000000e+00,0.000000000000e+00,0.000000000000e+00,0.000000000000e+00,1.749558704245e+04,1.382871846560e+01,5.976851260921e-03,2.843710614923e-02,5.667090475061e-03,1.800060974868e-01
D,S2,432,144,1,RMT3H,1,9,9.604659582628e-09,5.155063813672e+03,1.749558704767e+04,1.803049735118e+05,20.048921715,20.048921715,0.000000000000e+00,0.000000000000e+00,0.000000000000e+00,0.000000000000e+00,0.000000000000e+00,0.000000000000e+00,0.000000000000e+00,1.749558704767e+04,1.382871846948e+01,5.976851262442e-03,2.843710615720e-02,5.667090476503e-03,1.800060975658e-01
D,S2,432,144,4,SG_RBGS,1,3412,9.988285880665e-08,5.155080561720e+03,1.749566254188e+04,1.803051059074e+05,0.883211095,0.883211095,0.000000000000e+00,0.000000000000e+00,0.000000000000e+00,0.000000000000e+00,0.000000000000e+00,0.000000000000e+00,0.000000000000e+00,1.749566254188e+04,1.382877941275e+01,5.976873120504e-03,2.843723147975e-02,5.667111201732e-03,1.800066348912e-01
D,S2,432,144,4,MG3V,1,20,3.089896763920e-08,5.155063813053e+03,1.749558704197e+04,1.803049734865e+05,1.017197289,1.017197289,0.000000000000e+00,0.000000000000e+00,0.000000000000e+00,0.000000000000e+00,0.000000000000e+00,0.000000000000e+00,0.000000000000e+00,1.749558704197e+04,1.382871846527e+01,5.976851260582e-03,2.843710614856e-02,5.667090474740e-03,1.800060974823e-01
D,S2,432,144,4,MG2W,1,15,7.042929418484e-08,5.155063813094e+03,1.749558704199e+04,1.803049735092e+05,1.544928003,1.544928003,0.000000000000e+00,0.000000000000e+00,0.000000000000e+00,0.000000000000e+00,0.000000000000e+00,0.000000000000e+00,0.000000000000e+00,1.749558704199e+04,1.382871846523e+01,5.976851260854e-03,2.843710614846e-02,5.667090474997e-03,1.800060974842e-01
D,S2,432,144,4,MG2V,1,16,5.138250224160e-08,5.155063813197e+03,1.749558704245e+04,1.803049735104e+05,1.449134588,1.449134588,0.000000000000e+00,0.000000000000e+00,0.000000000000e+00,0.000000000000e+00,0.000000000000e+00,0.000000000000e+00,0.000000000000e+00,1.749558704245e+04,1.382871846560e+01,5.976851260921e-03,2.843710614923e-02,5.667090475061e-03,1.800060974868e-01
D,S2,432,144,4,RMT3H,1,9,9.604659582628e-09,5.155063813672e+03,1.749558704767e+04,1.803049735118e+05,6.001450360,6.001450360,0.000000000000e+00,0.000000000000e+00,0.000000000000e+00,0.000000000000e+00,0.000000000000e+00,0.000000000000e+00,0.000000000000e+00,1.749558704767e+04,1.382871846948e+01,5.976851262442e-03,2.843710615720e-02,5.667090476503e-03,1.800060975658e-01
D,S2,432,144,16,SG_RBGS,1,3412,9.988285880665e-08,5.155080561720e+03,1.749566254188e+04,1.803051059074e+05,0.799376175,0.799376175,0.000000000000e+00,0.000000000000e+00,0.000000000000e+00,0.000000000000e+00,0.000000000000e+00,0.000000000000e+00,0.000000000000e+00,1.749566254188e+04,1.382877941275e+01,5.976873120504e-03,2.843723147975e-02,5.667111201732e-03,1.800066348912e-01
D,S2,432,144,16,MG3V,1,20,3.089896763920e-08,5.155063813053e+03,1.749558704197e+04,1.803049734865e+05,0.729614485,0.729614485,0.000000000000e+00,0.000000000000e+00,0.000000000000e+00,0.000000000000e+00,0.000000000000e+00,0.000000000000e+00,0.000000000000e+00,1.749558704197e+04,1.382871846527e+01,5.976851260582e-03,2.843710614856e-02,5.667090474740e-03,1.800060974823e-01
D,S2,432,144,16,MG2W,1,15,7.042929418484e-08,5.155063813094e+03,1.749558704199e+04,1.803049735092e+05,0.865180500,0.865180500,0.000000000000e+00,0.000000000000e+00,0.000000000000e+00,0.000000000000e+00,0.000000000000e+00,0.000000000000e+00,0.000000000000e+00,1.749558704199e+04,1.382871846523e+01,5.976851260854e-03,2.843710614846e-02,5.667090474997e-03,1.800060974842e-01
D,S2,432,144,16,MG2V,1,16,5.138250224160e-08,5.155063813197e+03,1.749558704245e+04,1.803049735104e+05,0.842262574,0.842262574,0.000000000000e+00,0.000000000000e+00,0.000000000000e+00,0.000000000000e+00,0.000000000000e+00,0.000000000000e+00,0.000000000000e+00,1.749558704245e+04,1.382871846560e+01,5.976851260921e-03,2.843710614923e-02,5.667090475061e-03,1.800060974868e-01
D,S2,432,144,16,RMT3H,1,9,9.604659582628e-09,5.155063813672e+03,1.749558704767e+04,1.803049735118e+05,2.009549942,2.009549942,0.000000000000e+00,0.000000000000e+00,0.000000000000e+00,0.000000000000e+00,0.000000000000e+00,0.000000000000e+00,0.000000000000e+00,1.749558704767e+04,1.382871846948e+01,5.976851262442e-03,2.843710615720e-02,5.667090476503e-03,1.800060975658e-01
