benchmark,stiffness,Nx,Ny,threads,solver,converged,iterations,relative_residual,L1,L2,Linf,solve_wall_time,total_relevant_wall_time,continuity_metric,p_L2,u_L2,v_L2,YF_L2,YO_L2,YP_L2,h_L2,T_L2,rho_L2,T_rel_L2,rho_rel_L2
C,S1,216,72,2,SG_RBGS,1,41754,9.990866644083e-08,1.729075957242e-04,2.945413705911e-04,9.726476080021e-04,1.454499327,1.454499327,0.000000000000e+00,0.000000000000e+00,0.000000000000e+00,0.000000000000e+00,5.787110417416e-05,2.561520709660e-04,2.945413705911e-04,0.000000000000e+00,0.000000000000e+00,0.000000000000e+00,0.000000000000e+00,0.000000000000e+00
C,S1,216,72,2,MG3V,1,37,9.048682367482e-08,1.729064976845e-04,2.945382249383e-04,9.726283483701e-04,0.032514893,0.032514893,0.000000000000e+00,0.000000000000e+00,0.000000000000e+00,0.000000000000e+00,5.787103957064e-05,2.561503251614e-04,2.945382249383e-04,0.000000000000e+00,0.000000000000e+00,0.000000000000e+00,0.000000000000e+00,0.000000000000e+00
C,S1,216,72,2,MG2W,1,35,8.913661158485e-08,1.729071302975e-04,2.945398558306e-04,9.726378264847e-04,0.066676438,0.066676438,0.000000000000e+00,0.000000000000e+00,0.000000000000e+00,0.000000000000e+00,5.787109404421e-05,2.561515454977e-04,2.945398558306e-04,0.000000000000e+00,0.000000000000e+00,0.000000000000e+00,0.000000000000e+00,0.000000000000e+00
C,S1,216,72,2,MG2V,1,68,9.246331849888e-08,1.729075121417e-04,2.945410225711e-04,9.726450784179e-04,0.101498418,0.101498418,0.000000000000e+00,0.000000000000e+00,0.000000000000e+00,0.000000000000e+00,5.787106922660e-05,2.561518801237e-04,2.945410225711e-04,0.000000000000e+00,0.000000000000e+00,0.000000000000e+00,0.000000000000e+00,0.000000000000e+00
C,S1,216,72,2,RMT3H,1,82,5.963945492152e-08,1.729066896986e-04,2.945388881229e-04,9.726322157824e-04,5.022350036,5.022350036,0.000000000000e+00,0.000000000000e+00,0.000000000000e+00,0.000000000000e+00,5.787104748056e-05,2.561508863807e-04,2.945388881229e-04,0.000000000000e+00,0.000000000000e+00,0.000000000000e+00,0.000000000000e+00,0.000000000000e+00
C,S1,216,72,1,SG_RBGS,1,41754,9.990866644083e-08,1.729075957242e-04,2.945413705911e-04,9.726476080021e-04,2.587762862,2.587762862,0.000000000000e+00,0.000000000000e+00,0.000000000000e+00,0.000000000000e+00,5.787110417416e-05,2.561520709660e-04,2.945413705911e-04,0.000000000000e+00,0.000000000000e+00,0.000000000000e+00,0.000000000000e+00,0.000000000000e+00
C,S1,216,72,1,MG3V,1,37,9.048682367482e-08,1.729064976845e-04,2.945382249383e-04,9.726283483701e-04,0.051613295,0.051613295,0.000000000000e+00,0.000000000000e+00,0.000000000000e+00,0.000000000000e+00,5.787103957064e-05,2.561503251614e-04,2.945382249383e-04,0.000000000000e+00,0.000000000000e+00,0.000000000000e+00,0.000000000000e+00,0.000000000000e+00
C,S1,216,72,1,MG2W,1,35,8.913661158485e-08,1.729071302975e-04,2.945398558306e-04,9.726378264847e-04,0.113229943,0.113229943,0.000000000000e+00,0.000000000000e+00,0.000000000000e+00,0.000000000000e+00,5.787109404420e-05,2.561515454977e-04,2.945398558306e-04,0.000000000000e+00,0.000000000000e+00,0.000000000000e+00,0.000000000000e+00,0.000000000000e+00
C,S1,216,72,1,MG2V,1,68,9.246331849888e-08,1.729075121417e-04,2.945410225711e-04,9.726450784179e-04,0.174190030,0.174190030,0.000000000000e+00,0.000000000000e+00,0.000000000000e+00,0.000000000000e+00,5.787106922660e-05,2.561518801237e-04,2.945410225711e-04,0.000000000000e+00,0.000000000000e+00,0.000000000000e+00,0.000000000000e+00,0.000000000000e+00
C,S1,216,72,1,RMT3H,1,82,5.963945492152e-08,1.729066896986e-04,2.945388881229e-04,9.726322157824e-04,9.659915006,9.659915006,0.000000000000e+00,0.000000000000e+00,0.000000000000e+00,0.000000000000e+00,5.787104748056e-05,2.561508863807e-04,2.945388881229e-04,0.000000000000e+00,0.000000000000e+00,0.000000000000e+00,0.000000000000e+00,0.000000000000e+00
C,S1,216,72,4,SG_RBGS,1,41754,9.990866644083e-08,1.729075957242e-04,2.945413705911e-04,9.726476080021e-04,0.942729615,0.942729615,0.000000000000e+00,0.000000000000e+00,0.000000000000e+00,0.000000000000e+00,5.787110417416e-05,2.561520709660e-04,2.945413705911e-04,0.000000000000e+00,0.000000000000e+00,0.000000000000e+00,0.000000000000e+00,0.000000000000e+00
C,S1,216,72,4,MG3V,1,37,9.048682367482e-08,1.729064976845e-04,2.945382249383e-04,9.726283483701e-04,0.024034649,0.024034649,0.000000000000e+00,0.000000000000e+00,0.000000000000e+00,0.000000000000e+00,5.787103957064e-05,2.561503251614e-04,2.945382249383e-04,0.000000000000e+00,0.000000000000e+00,0.000000000000e+00,0.000000000000e+00,0.000000000000e+00
C,S1,216,72,4,MG2W,1,35,8.913661158485e-08,1.729071302975e-04,2.945398558306e-04,9.726378264847e-04,0.048470877,0.048470877,0.000000000000e+00,0.000000000000e+00,0.000000000000e+00,0.000000000000e+00,5.787109404421e-05,2.561515454977e-04,2.945398558306e-04,0.000000000000e+00,0.000000000000e+00,0.000000000000e+00,0.000000000000e+00,0.000000000000e+00
C,S1,216,72,4,MG2V,1,68,9.246331849888e-08,1.729075121417e-04,2.945410225711e-04,9.726450784179e-04,0.068266086,0.068266086,0.000000000000e+00,0.000000000000e+00,0.000000000000e+00,0.000000000000e+00,5.787106922660e-05,2.561518801237e-04,2.945410225711e-04,0.000000000000e+00,0.000000000000e+00,0.000000000000e+00,0.000000000000e+00,0.000000000000e+00
C,S1,216,72,4,RMT3H,1,82,5.963945492152e-08,1.729066896986e-04,2.945388881229e-04,9.726322157824e-04,2.580696948,2.580696948,0.000000000000e+00,0.000000000000e+00,0.000000000000e+00,0.000000000000e+00,5.787104748056e-05,2.561508863807e-04,2.945388881229e-04,0.000000000000e+00,0.000000000000e+00,0.000000000000e+00,0.000000000000e+00,0.000000000000e+00
C,S1,216,72,16,SG_RBGS,1,41754,9.990866644083e-08,1.729075957242e-04,2.945413705911e-04,9.726476080021e-04,0.672531737,0.672531737,0.000000000000e+00,0.000000000000e+00,0.000000000000e+00,0.000000000000e+00,5.787110417416e-05,2.561520709660e-04,2.945413705911e-04,0.000000000000e+00,0.000000000000e+00,0.000000000000e+00,0.000000000000e+00,0.000000000000e+00
C,S1,216,72,16,MG3V,1,37,9.048682367482e-08,1.729064976845e-04,2.945382249383e-04,9.726283483701e-04,0.021187665,0.021187665,0.000000000000e+00,0.000000000000e+00,0.000000000000e+00,0.000000000000e+00,5.787103957064e-05,2.561503251614e-04,2.945382249383e-04,0.000000000000e+00,0.000000000000e+00,0.000000000000e+00,0.000000000000e+00,0.000000000000e+00
C,S1,216,72,16,MG2W,1,35,8.913661158485e-08,1.729071302975e-04,2.945398558306e-04,9.726378264847e-04,0.044019260,0.044019260,0.000000000000e+00,0.000000000000e+00,0.000000000000e+00,0.000000000000e+00,5.787109404421e-05,2.561515454977e-04,2.945398558306e-04,0.000000000000e+00,0.000000000000e+00,0.000000000000e+00,0.000000000000e+00,0.000000000000e+00
C,S1,216,72,16,MG2V,1,68,9.246331849888e-08,1.729075121417e-04,2.945410225711e-04,9.726450784179e-04,0.052710466,0.052710466,0.000000000000e+00,0.000000000000e+00,0.000000000000e+00,0.000000000000e+00,5.787106922660e-05,2.561518801237e-04,2.945410225711e-04,0.000000000000e+00,0.000000000000e+00,0.000000000000e+00,0.000000000000e+00,0.000000000000e+00
C,S1,216,72,16,RMT3H,1,82,5.963945492152e-08,1.729066896986e-04,2.945388881229e-04,9.726322157824e-04,0.694272282,0.694272282,0.000000000000e+00,0.000000000000e+00,0.000000000000e+00,0.000000000000e+00,5.787104748056e-05,2.561508863807e-04,2.945388881229e-04,0.000000000000e+00,0.000000000000e+00,0.000000000000e+00,0.000000000000e+00,0.000000000000e+00
C,S1,108,36,2,SG_RBGS,1,10506,9.970730375001e-08,3.291511570660e-04,5.627668551283e-04,1.839501653925e-03,0.113740928,0.113740928,0.000000000000e+00,0.000000000000e+00,0.000000000000e+00,0.000000000000e+00,1.097122626854e-04,4.872350864393e-04,5.627668551283e-04,0.000000000000e+00,0.000000000000e+00,0.000000000000e+00,0.000000000000e+00,0.000000000000e+00
C,S1,108,36,2,MG3V,1,37,5.063715167501e-08,3.291501151904e-04,5.627638106986e-04,1.839482952771e-03,0.010475082,0.010475082,0.000000000000e+00,0.000000000000e+00,0.000000000000e+00,0.000000000000e+00,1.097121842759e-04,4.872335424172e-04,5.627638106986e-04,0.000000000000e+00,0.000000000000e+00,0.000000000000e+00,0.000000000000e+00,0.000000000000e+00
C,S1,108,36,2,MG2W,1,22,9.122424152379e-08,3.291501560028e-04,5.627637779476e-04,1.839482930644e-03,0.014837630,0.014837630,0.000000000000e+00,0.000000000000e+00,0.000000000000e+00,0.000000000000e+00,1.097121866887e-04,4.872335510869e-04,5.627637779476e-04,0.000000000000e+00,0.000000000000e+00,0.000000000000e+00,0.000000000000e+00,0.000000000000e+00
C,S1,108,36,2,MG2V,1,28,5.235191912624e-08,3.291502532514e-04,5.627639088499e-04,1.839483460593e-03,0.013071848,0.013071848,0.000000000000e+00,0.000000000000e+00,0.000000000000e+00,0.000000000000e+00,1.097121946884e-04,4.872335994838e-04,5.627639088499e-04,0.000000000000e+00,0.000000000000e+00,0.000000000000e+00,0.000000000000e+00,0.000000000000e+00
C,S1,108,36,2,RMT3H,1,44,9.716681916870e-08,3.291503272934e-04,5.627649755590e-04,1.839490671466e-03,0.494959628,0.494959628,0.000000000000e+00,0.000000000000e+00,0.000000000000e+00,0.000000000000e+00,1.097121566149e-04,4.872327265111e-04,5.627649755590e-04,0.000000000000e+00,0.000000000000e+00,0.000000000000e+00,0.000000000000e+00,0.000000000000e+00
C,S1,108,36,1,SG_RBGS,1,10506,9.970730375001e-08,3.291511570660e-04,5.627668551283e-04,1.839501653925e-03,0.171234608,0.171234608,0.000000000000e+00,0.000000000000e+00,0.000000000000e+00,0.000000000000e+00,1.097122626854e-04,4.872350864393e-04,5.627668551283e-04,0.000000000000e+00,0.000000000000e+00,0.000000000000e+00,0.000000000000e+00,0.000000000000e+00
C,S1,108,36,1,MG3V,1,37,5.063715167501e-08,3.291501151904e-04,5.627638106986e-04,1.839482952771e-03,0.012978539,0.012978539,0.000000000000e+00,0.000000000000e+00,0.000000000000e+00,0.000000000000e+00,1.097121842759e-04,4.872335424172e-04,5.627638106986e-04,0.000000000000e+00,0.000000000000e+00,0.000000000000e+00,0.000000000000e+00,0.000000000000e+00
C,S1,108,36,1,MG2W,1,22,9.122424152379e-08,3.291501560028e-04,5.627637779476e-04,1.839482930644e-03,0.017001465,0.017001465,0.000000000000e+00,0.000000000000e+00,0.000000000000e+00,0.000000000000e+00,1.097121866887e-04,4.872335510869e-04,5.627637779476e-04,0.000000000000e+00,0.000000000000e+00,0.000000000000e+00,0.000000000000e+00,0.000000000000e+00
C,S1,108,36,1,MG2V,1,28,5.235191912624e-08,3.291502532514e-04,5.627639088499e-04,1.839483460593e-03,0.017580748,0.017580748,0.000000000000e+00,0.000000000000e+00,0.000000000000e+00,0.000000000000e+00,1.097121946884e-04,4.872335994838e-04,5.627639088499e-04,0.000000000000e+00,0.000000000000e+00,0.000000000000e+00,0.000000000000e+00,0.000000000000e+00
C,S1,108,36,1,RMT3H,1,44,9.716681916870e-08,3.291503272934e-04,5.627649755590e-04,1.839490671466e-03,0.998286001,0.998286001,0.000000000000e+00,0.000000000000e+00,0.000000000000e+00,0.000000000000e+00,1.097121566149e-04,4.872327265111e-04,5.627649755590e-04,0.000000000000e+00,0.000000000000e+00,0.000000000000e+00,0.000000000000e+00,0.000000000000e+00
C,S1,108,36,4,SG_RBGS,1,10506,9.970730375001e-08,3.291511570660e-04,5.627668551282e-04,1.839501653925e-03,0.101171605,0.101171605,0.000000000000e+00,0.000000000000e+00,0.000000000000e+00,0.000000000000e+00,1.097122626854e-04,4.872350864393e-04,5.627668551282e-04,0.000000000000e+00,0.000000000000e+00,0.000000000000e+00,0.000000000000e+00,0.000000000000e+00
C,S1,108,36,4,MG3V,1,37,5.063715167501e-08,3.291501151904e-04,5.627638106986e-04,1.839482952771e-03,0.011139147,0.011139147,0.000000000000e+00,0.000000000000e+00,0.000000000000e+00,0.000000000000e+00,1.097121842759e-04,4.872335424172e-04,5.627638106986e-04,0.000000000000e+00,0.000000000000e+00,0.000000000000e+00,0.000000000000e+00,0.000000000000e+00
C,S1,108,36,4,MG2W,1,22,9.122424152379e-08,3.291501560028e-04,5.627637779476e-04,1.839482930644e-03,0.014101066,0.014101066,0.000000000000e+00,0.000000000000e+00,0.000000000000e+00,0.000000000000e+00,1.097121866887e-04,4.872335510869e-04,5.627637779476e-04,0.000000000000e+00,0.000000000000e+00,0.000000000000e+00,0.000000000000e+00,0.000000000000e+00
C,S1,108,36,4,MG2V,1,28,5.235191912624e-08,3.291502532514e-04,5.627639088499e-04,1.839483460593e-03,0.011622749,0.011622749,0.000000000000e+00,0.000000000000e+00,0.000000000000e+00,0.000000000000e+00,1.097121946884e-04,4.872335994838e-04,5.627639088499e-04,0.000000000000e+00,0.000000000000e+00,0.000000000000e+00,0.000000000000e+00,0.000000000000e+00
C,S1,108,36,4,RMT3H,1,44,9.716681916870e-08,3.291503272934e-04,5.627649755590e-04,1.839490671466e-03,0.269857258,0.269857258,0.000000000000e+00,0.000000000000e+00,0.000000000000e+00,0.000000000000e+00,1.097121566149e-04,4.872327265111e-04,5.627649755590e-04,0.000000000000e+00,0.000000000000e+00,0.000000000000e+00,0.000000000000e+00,0.000000000000e+00
C,S1,108,36,16,SG_RBGS,1,10506,9.970730375001e-08,3.291511570660e-04,5.627668551282e-04,1.839501653925e-03,0.124581970,0.124581970,0.000000000000e+00,0.000000000000e+00,0.000000000000e+00,0.000000000000e+00,1.097122626854e-04,4.872350864393e-04,5.627668551282e-04,0.000000000000e+00,0.000000000000e+00,0.000000000000e+00,0.000000000000e+00,0.000000000000e+00
C,S1,108,36,16,MG3V,1,37,5.063715167501e-08,3.291501151904e-04,5.627638106986e-04,1.839482952771e-03,0.015586212,0.015586212,0.000000000000e+00,0.000000000000e+00,0.000000000000e+00,0.000000000000e+00,1.097121842759e-04,4.872335424172e-04,5.627638106986e-04,0.000000000000e+00,0.000000000000e+00,0.000000000000e+00,0.000000000000e+00,0.000000000000e+00
C,S1,108,36,16,MG2W,1,22,9.122424152379e-08,3.291501560028e-04,5.627637779476e-04,1.839482930644e-03,0.018188566,0.018188566,0.000000000000e+00,0.000000000000e+00,0.000000000000e+00,0.000000000000e+00,1.097121866887e-04,4.872335510869e-04,5.627637779476e-04,0.000000000000e+00,0.000000000000e+00,0.000000000000e+00,0.000000000000e+00,0.000000000000e+00
C,S1,108,36,16,MG2V,1,28,5.235191912624e-08,3.291502532514e-04,5.627639088499e-04,1.839483460593e-03,0.012998171,0.012998171,0.000000000000e+00,0.000000000000e+00,0.000000000000e+00,0.000000000000e+00,1.097121946884e-04,4.872335994838e-04,5.627639088499e-04,0.000000000000e+00,0.000000000000e+00,0.000000000000e+00,0.000000000000e+00,0.000000000000e+00
C,S1,108,36,16,RMT3H,1,44,9.716681916870e-08,3.291503272934e-04,5.627649755590e-04,1.839490671466e-03,0.082156271,0.082156271,0.000000000000e+00,0.000000000000e+00,0.000000000000e+00,0.000000000000e+00,1.097121566149e-04,4.872327265111e-04,5.627649755590e-04,0.000000000000e+00,0.000000000000e+00,0.000000000000e+00,0.000000000000e+00,0.000000000000e+00
C,S1,864,288,2,SG_RBGS,1,664658,9.999667646741e-08,4.485823293573e-05,7.625134090008e-05,2.552918577960e-04,416.125183418,416.125183418,0.000000000000e+00,0.000000000000e+00,0.000000000000e+00,0.000000000000e+00,1.507503904921e-05,6.654641674998e-05,7.625134090008e-05,0.000000000000e+00,0.000000000000e+00,0.000000000000e+00,0.000000000000e+00,0.000000000000e+00
C,S1,864,288,2,MG3V,1,212,8.835631333523e-08,4.485802578903e-05,7.625071205760e-05,2.552879151984e-04,2.536255755,2.536255755,0.000000000000e+00,0.000000000000e+00,0.000000000000e+00,0.000000000000e+00,1.507502880788e-05,6.654621636228e-05,7.625071205760e-05,0.000000000000e+00,0.000000000000e+00,0.000000000000e+00,0.000000000000e+00,0.000000000000e+00
C,S1,864,288,2,MG2W,1,509,9.637786488740e-08,4.485819405126e-05,7.625122674276e-05,2.552911488899e-04,13.692990091,13.692990091,0.000000000000e+00,0.000000000000e+00,0.000000000000e+00,0.000000000000e+00,1.507503576621e-05,6.654629385630e-05,7.625122674276e-05,0.000000000000e+00,0.000000000000e+00,0.000000000000e+00,0.000000000000e+00,0.000000000000e+00
C,S1,864,288,2,MG2V,1,1011,9.994610856626e-08,4.485823195935e-05,7.625134119344e-05,2.552918594378e-04,22.286399774,22.286399774,0.000000000000e+00,0.000000000000e+00,0.000000000000e+00,0.000000000000e+00,1.507503793436e-05,6.654641806938e-05,7.625134119344e-05,0.000000000000e+00,0.000000000000e+00,0.000000000000e+00,0.000000000000e+00,0.000000000000e+00
C,S1,864,288,2,RMT3H,1,2491,9.913764111114e-08,4.485704349527e-05,7.624762000148e-05,2.552689405702e-04,2895.614974096,2895.614974096,0.000000000000e+00,0.000000000000e+00,0.000000000000e+00,0.000000000000e+00,1.507494773252e-05,6.654440556425e-05,7.624762000148e-05,0.000000000000e+00,0.000000000000e+00,0.000000000000e+00,0.000000000000e+00,0.000000000000e+00
C,S1,864,288,1,SG_RBGS,1,664658,9.999667646741e-08,4.485823293573e-05,7.625134090008e-05,2.552918577960e-04,821.863475533,821.863475533,0.000000000000e+00,0.000000000000e+00,0.000000000000e+00,0.000000000000e+00,1.507503904921e-05,6.654641674998e-05,7.625134090008e-05,0.000000000000e+00,0.000000000000e+00,0.000000000000e+00,0.000000000000e+00,0.000000000000e+00
C,S1,864,288,1,MG3V,1,212,8.835631333522e-08,4.485802578903e-05,7.625071205760e-05,2.552879151984e-04,4.863458907,4.863458907,0.000000000000e+00,0.000000000000e+00,0.000000000000e+00,0.000000000000e+00,1.507502880788e-05,6.654621636228e-05,7.625071205760e-05,0.000000000000e+00,0.000000000000e+00,0.000000000000e+00,0.000000000000e+00,0.000000000000e+00
C,S1,864,288,1,MG2W,1,509,9.637786488739e-08,4.485819405126e-05,7.625122674276e-05,2.552911488899e-04,26.305059813,26.305059813,0.000000000000e+00,0.000000000000e+00,0.000000000000e+00,0.000000000000e+00,1.507503576621e-05,6.654629385630e-05,7.625122674276e-05,0.000000000000e+00,0.000000000000e+00,0.000000000000e+00,0.000000000000e+00,0.000000000000e+00
C,S1,864,288,1,MG2V,1,1011,9.994610856625e-08,4.485823195935e-05,7.625134119344e-05,2.552918594378e-04,42.642919183,42.642919183,0.000000000000e+00,0.000000000000e+00,0.000000000000e+00,0.000000000000e+00,1.507503793436e-05,6.654641806938e-05,7.625134119344e-05,0.000000000000e+00,0.000000000000e+00,0.000000000000e+00,0.000000000000e+00,0.000000000000e+00
C,S1,864,288,1,RMT3H,1,2491,9.913764111114e-08,4.485704349527e-05,7.624762000148e-05,2.552689405702e-04,5611.605519643,5611.605519643,0.000000000000e+00,0.000000000000e+00,0.000000000000e+00,0.000000000000e+00,1.507494773252e-05,6.654440556425e-05,7.624762000148e-05,0.000000000000e+00,0.000000000000e+00,0.000000000000e+00,0.000000000000e+00,0.000000000000e+00
C,S1,864,288,4,SG_RBGS,1,664658,9.999667646741e-08,4.485823293573e-05,7.625134090008e-05,2.552918577960e-04,294.518647678,294.518647678,0.000000000000e+00,0.000000000000e+00,0.000000000000e+00,0.000000000000e+00,1.507503904921e-05,6.654641674998e-05,7.625134090008e-05,0.000000000000e+00,0.000000000000e+00,0.000000000000e+00,0.000000000000e+00,0.000000000000e+00
C,S1,864,288,4,MG3V,1,212,8.835631333523e-08,4.485802578903e-05,7.625071205760e-05,2.552879151984e-04,2.144988623,2.144988623,0.000000000000e+00,0.000000000000e+00,0.000000000000e+00,0.000000000000e+00,1.507502880788e-05,6.654621636228e-05,7.625071205760e-05,0.000000000000e+00,0.000000000000e+00,0.000000000000e+00,0.000000000000e+00,0.000000000000e+00
C,S1,864,288,4,MG2W,1,509,9.637786488740e-08,4.485819405126e-05,7.625122674276e-05,2.552911488899e-04,8.932848573,8.932848573,0.000000000000e+00,0.000000000000e+00,0.000000000000e+00,0.000000000000e+00,1.507503576621e-05,6.654629385630e-05,7.625122674276e-05,0.000000000000e+00,0.000000000000e+00,0.000000000000e+00,0.000000000000e+00,0.000000000000e+00
C,S1,864,288,4,MG2V,1,1011,9.994610856626e-08,4.485823195935e-05,7.625134119344e-05,2.552918594378e-04,14.268167748,14.268167748,0.000000000000e+00,0.000000000000e+00,0.000000000000e+00,0.000000000000e+00,1.507503793436e-05,6.654641806938e-05,7.625134119344e-05,0.000000000000e+00,0.000000000000e+00,0.000000000000e+00,0.000000000000e+00,0.000000000000e+00
C,S1,864,288,4,RMT3H,1,2491,9.913764111114e-08,4.485704349527e-05,7.624762000148e-05,2.552689405702e-04,1394.865827234,1394.865827234,0.000000000000e+00,0.000000000000e+00,0.000000000000e+00,0.000000000000e+00,1.507494773252e-05,6.654440556425e-05,7.624762000148e-05,0.000000000000e+00,0.000000000000e+00,0.000000000000e+00,0.000000000000e+00,0.000000000000e+00
C,S1,864,288,16,SG_RBGS,1,664658,9.999667646741e-08,4.485823293573e-05,7.625134090008e-05,2.552918577960e-04,55.751117036,55.751117036,0.000000000000e+00,0.000000000000e+00,0.000000000000e+00,0.000000000000e+00,1.507503904921e-05,6.654641674998e-05,7.625134090008e-05,0.000000000000e+00,0.000000000000e+00,0.000000000000e+00,0.000000000000e+00,0.000000000000e+00
C,S1,864,288,16,MG3V,1,212,8.835631333523e-08,4.485802578903e-05,7.625071205760e-05,2.552879151984e-04,0.469008639,0.469008639,0.000000000000e+00,0.000000000000e+00,0.000000000000e+00,0.000000000000e+00,1.507502880788e-05,6.654621636228e-05,7.625071205760e-05,0.000000000000e+00,0.000000000000e+00,0.000000000000e+00,0.000000000000e+00,0.000000000000e+00
C,S1,864,288,16,MG2W,1,509,9.637786488740e-08,4.485819405126e-05,7.625122674276e-05,2.552911488899e-04,2.659361996,2.659361996,0.000000000000e+00,0.000000000000e+00,0.000000000000e+00,0.000000000000e+00,1.507503576621e-05,6.654629385630e-05,7.625122674276e-05,0.000000000000e+00,0.000000000000e+00,0.000000000000e+00,0.000000000000e+00,0.000000000000e+00
C,S1,864,288,16,MG2V,1,1011,9.994610856626e-08,4.485823195935e-05,7.625134119344e-05,2.552918594378e-04,4.169459544,4.169459544,0.000000000000e+00,0.000000000000e+00,0.000000000000e+00,0.000000000000e+00,1.507503793436e-05,6.654641806938e-05,7.625134119344e-05,0.000000000000e+00,0.000000000000e+00,0.000000000000e+00,0.000000000000e+00,0.000000000000e+00
C,S1,864,288,16,RMT3H,1,2491,9.913764111114e-08,4.485704349527e-05,7.624762000148e-05,2.552689405702e-04,413.935498443,413.935498443,0.000000000000e+00,0.000000000000e+00,0.000000000000e+00,0.000000000000e+00,1.507494773252e-05,6.654440556425e-05,7.624762000148e-05,0.000000000000e+00,0.000000000000e+00,0.000000000000e+00,0.000000000000e+00,0.000000000000e+00
C,S1,1728,576,2,MG3V,1,825,9.652502201617e-08,2.256863996066e-05,3.835128820581e-05,1.286829070606e-04,41.663958602,41.663958602,0.000000000000e+00,0.000000000000e+00,0.000000000000e+00,0.000000000000e+00,7.589932407252e-06,3.348962309992e-05,3.835128820581e-05,0.000000000000e+00,0.000000000000e+00,0.000000000000e+00,0.000000000000e+00,0.000000000000e+00
C,S1,1728,576,2,MG2W,1,2017,9.997812342407e-08,2.256867746623e-05,3.835139909701e-05,1.286835969425e-04,219.269366235,219.269366235,0.000000000000e+00,0.000000000000e+00,0.000000000000e+00,0.000000000000e+00,7.589934580415e-06,3.348967507104e-05,3.835139909701e-05,0.000000000000e+00,0.000000000000e+00,0.000000000000e+00,0.000000000000e+00,0.000000000000e+00
C,S1,1728,576,2,MG2V,1,4018,9.990219018027e-08,2.256866667953e-05,3.835136675220e-05,1.286833968335e-04,361.173567899,361.173567899,0.000000000000e+00,0.000000000000e+00,0.000000000000e+00,0.000000000000e+00,7.589936209495e-06,3.348967076519e-05,3.835136675220e-05,0.000000000000e+00,0.000000000000e+00,0.000000000000e+00,0.000000000000e+00,0.000000000000e+00
C,S1,1728,576,1,MG3V,1,825,9.652502201615e-08,2.256863996066e-05,3.835128820581e-05,1.286829070606e-04,120.252641786,120.252641786,0.000000000000e+00,0.000000000000e+00,0.000000000000e+00,0.000000000000e+00,7.589932407252e-06,3.348962309992e-05,3.835128820581e-05,0.000000000000e+00,0.000000000000e+00,0.000000000000e+00,0.000000000000e+00,0.000000000000e+00
C,S1,1728,576,1,MG2W,1,2017,9.997812342406e-08,2.256867746623e-05,3.835139909701e-05,1.286835969425e-04,519.466193207,519.466193207,0.000000000000e+00,0.000000000000e+00,0.000000000000e+00,0.000000000000e+00,7.589934580415e-06,3.348967507104e-05,3.835139909701e-05,0.000000000000e+00,0.000000000000e+00,0.000000000000e+00,0.000000000000e+00,0.000000000000e+00
C,S1,1728,576,1,MG2V,1,4018,9.990219018025e-08,2.256866667953e-05,3.835136675220e-05,1.286833968335e-04,892.446199826,892.446199826,0.000000000000e+00,0.000000000000e+00,0.000000000000e+00,0.000000000000e+00,7.589936209495e-06,3.348967076519e-05,3.835136675220e-05,0.000000000000e+00,0.000000000000e+00,0.000000000000e+00,0.000000000000e+00,0.000000000000e+00
C,S1,1728,576,4,MG3V,1,825,9.652502201618e-08,2.256863996066e-05,3.835128820581e-05,1.286829070606e-04,20.559897430,20.559897430,0.000000000000e+00,0.000000000000e+00,0.000000000000e+00,0.000000000000e+00,7.589932407252e-06,3.348962309992e-05,3.835128820581e-05,0.000000000000e+00,0.000000000000e+00,0.000000000000e+00,0.000000000000e+00,0.000000000000e+00
C,S1,1728,576,4,MG2W,1,2017,9.997812342408e-08,2.256867746623e-05,3.835139909701e-05,1.286835969425e-04,114.050163671,114.050163671,0.000000000000e+00,0.000000000000e+00,0.000000000000e+00,0.000000000000e+00,7.589934580415e-06,3.348967507104e-05,3.835139909701e-05,0.000000000000e+00,0.000000000000e+00,0.000000000000e+00,0.000000000000e+00,0.000000000000e+00
C,S1,1728,576,4,MG2V,1,4018,9.990219018027e-08,2.256866667953e-05,3.835136675220e-05,1.286833968335e-04,184.452494010,184.452494010,0.000000000000e+00,0.000000000000e+00,0.000000000000e+00,0.000000000000e+00,7.589936209495e-06,3.348967076519e-05,3.835136675220e-05,0.000000000000e+00,0.000000000000e+00,0.000000000000e+00,0.000000000000e+00,0.000000000000e+00
C,S1,1728,576,16,MG3V,1,825,9.652502201619e-08,2.256863996066e-05,3.835128820581e-05,1.286829070606e-04,6.323343322,6.323343322,0.000000000000e+00,0.000000000000e+00,0.000000000000e+00,0.000000000000e+00,7.589932407252e-06,3.348962309992e-05,3.835128820581e-05,0.000000000000e+00,0.000000000000e+00,0.000000000000e+00,0.000000000000e+00,0.000000000000e+00
C,S1,1728,576,16,MG2W,1,2017,9.997812342409e-08,2.256867746623e-05,3.835139909701e-05,1.286835969425e-04,35.295606382,35.295606382,0.000000000000e+00,0.000000000000e+00,0.000000000000e+00,0.000000000000e+00,7.589934580415e-06,3.348967507104e-05,3.835139909701e-05,0.000000000000e+00,0.000000000000e+00,0.000000000000e+00,0.000000000000e+00,0.000000000000e+00
C,S1,1728,576,16,MG2V,1,4018,9.990219018028e-08,2.256866667953e-05,3.835136675220e-05,1.286833968335e-04,55.982413851,55.982413851,0.000000000000e+00,0.000000000000e+00,0.000000000000e+00,0.000000000000e+00,7.589936209495e-06,3.348967076519e-05,3.835136675220e-05,0.000000000000e+00,0.000000000000e+00,0.000000000000e+00,0.000000000000e+00,0.000000000000e+00
C,S1,432,144,2,SG_RBGS,1,166450,9.998098739860e-08,8.861329073767e-05,1.507283889351e-04,5.023705004713e-04,21.834422670,21.834422670,0.000000000000e+00,0.000000000000e+00,0.000000000000e+00,0.000000000000e+00,2.973710766175e-05,1.313892551416e-04,1.507283889351e-04,0.000000000000e+00,0.000000000000e+00,0.000000000000e+00,0.000000000000e+00,0.000000000000e+00
C,S1,432,144,2,MG3V,1,58,7.958455848280e-08,8.861282515149e-05,1.507268787838e-04,5.023606955453e-04,0.171502180,0.171502180,0.000000000000e+00,0.000000000000e+00,0.000000000000e+00,0.000000000000e+00,2.973708937235e-05,1.313885788630e-04,1.507268787838e-04,0.000000000000e+00,0.000000000000e+00,0.000000000000e+00,0.000000000000e+00,0.000000000000e+00
C,S1,432,144,2,MG2W,1,130,9.376559140598e-08,8.861315346538e-05,1.507279692786e-04,5.023678573422e-04,0.894009016,0.894009016,0.000000000000e+00,0.000000000000e+00,0.000000000000e+00,0.000000000000e+00,2.973709221008e-05,1.313891482086e-04,1.507279692786e-04,0.000000000000e+00,0.000000000000e+00,0.000000000000e+00,0.000000000000e+00,0.000000000000e+00
C,S1,432,144,2,MG2V,1,258,9.801091643509e-08,8.861327081120e-05,1.507283264234e-04,5.023700828729e-04,1.435309745,1.435309745,0.000000000000e+00,0.000000000000e+00,0.000000000000e+00,0.000000000000e+00,2.973709815666e-05,1.313890061068e-04,1.507283264234e-04,0.000000000000e+00,0.000000000000e+00,0.000000000000e+00,0.000000000000e+00,0.000000000000e+00
C,S1,432,144,2,RMT3H,1,164,8.251414623306e-08,8.861236740794e-05,1.507258342019e-04,5.023546272302e-04,48.027351357,48.027351357,0.000000000000e+00,0.000000000000e+00,0.000000000000e+00,0.000000000000e+00,2.973704594170e-05,1.313879882722e-04,1.507258342019e-04,0.000000000000e+00,0.000000000000e+00,0.000000000000e+00,0.000000000000e+00,0.000000000000e+00
C,S1,432,144,1,SG_RBGS,1,166450,9.998098739860e-08,8.861329073767e-05,1.507283889351e-04,5.023705004713e-04,49.608636625,49.608636625,0.000000000000e+00,0.000000000000e+00,0.000000000000e+00,0.000000000000e+00,2.973710766175e-05,1.313892551416e-04,1.507283889351e-04,0.000000000000e+00,0.000000000000e+00,0.000000000000e+00,0.000000000000e+00,0.000000000000e+00
C,S1,432,144,1,MG3V,1,58,7.958455848280e-08,8.861282515148e-05,1.507268787838e-04,5.023606955453e-04,0.333473489,0.333473489,0.000000000000e+00,0.000000000000e+00,0.000000000000e+00,0.000000000000e+00,2.973708937235e-05,1.313885788630e-04,1.507268787838e-04,0.000000000000e+00,0.000000000000e+00,0.000000000000e+00,0.000000000000e+00,0.000000000000e+00
C,S1,432,144,1,MG2W,1,130,9.376559140598e-08,8.861315346539e-05,1.507279692786e-04,5.023678573422e-04,1.669439659,1.669439659,0.000000000000e+00,0.000000000000e+00,0.000000000000e+00,0.000000000000e+00,2.973709221008e-05,1.313891482086e-04,1.507279692786e-04,0.000000000000e+00,0.000000000000e+00,0.000000000000e+00,0.000000000000e+00,0.000000000000e+00
C,S1,432,144,1,MG2V,1,258,9.801091643509e-08,8.861327081120e-05,1.507283264234e-04,5.023700828729e-04,2.703417942,2.703417942,0.000000000000e+00,0.000000000000e+00,0.000000000000e+00,0.000000000000e+00,2.973709815666e-05,1.313890061068e-04,1.507283264234e-04,0.000000000000e+00,0.000000000000e+00,0.000000000000e+00,0.000000000000e+00,0.000000000000e+00
C,S1,432,144,1,RMT3H,1,164,8.251414623306e-08,8.861236740794e-05,1.507258342019e-04,5.023546272302e-04,91.688776232,91.688776232,0.000000000000e+00,0.000000000000e+00,0.000000000000e+00,0.000000000000e+00,2.973704594170e-05,1.313879882722e-04,1.507258342019e-04,0.000000000000e+00,0.000000000000e+00,0.000000000000e+00,0.000000000000e+00,0.000000000000e+00
C,S1,432,144,4,SG_RBGS,1,166450,9.998098739860e-08,8.861329073767e-05,1.507283889351e-04,5.023705004713e-04,12.141179590,12.141179590,0.000000000000e+00,0.000000000000e+00,0.000000000000e+00,0.000000000000e+00,2.973710766175e-05,1.313892551416e-04,1.507283889351e-04,0.000000000000e+00,0.000000000000e+00,0.000000000000e+00,0.000000000000e+00,0.000000000000e+00
C,S1,432,144,4,MG3V,1,58,7.958455848281e-08,8.861282515149e-05,1.507268787838e-04,5.023606955453e-04,0.101522570,0.101522570,0.000000000000e+00,0.000000000000e+00,0.000000000000e+00,0.000000000000e+00,2.973708937235e-05,1.313885788630e-04,1.507268787838e-04,0.000000000000e+00,0.000000000000e+00,0.000000000000e+00,0.000000000000e+00,0.000000000000e+00
C,S1,432,144,4,MG2W,1,130,9.376559140598e-08,8.861315346538e-05,1.507279692786e-04,5.023678573422e-04,0.527764121,0.527764121,0.000000000000e+00,0.000000000000e+00,0.000000000000e+00,0.000000000000e+00,2.973709221008e-05,1.313891482086e-04,1.507279692786e-04,0.000000000000e+00,0.000000000000e+00,0.000000000000e+00,0.000000000000e+00,0.000000000000e+00
C,S1,432,144,4,MG2V,1,258,9.801091643509e-08,8.861327081120e-05,1.507283264234e-04,5.023700828729e-04,0.819502484,0.819502484,0.000000000000e+00,0.000000000000e+00,0.000000000000e+00,0.000000000000e+00,2.973709815666e-05,1.313890061068e-04,1.507283264234e-04,0.000000000000e+00,0.000000000000e+00,0.000000000000e+00,0.000000000000e+00,0.000000000000e+00
C,S1,432,144,4,RMT3H,1,164,8.251414623306e-08,8.861236740794e-05,1.507258342019e-04,5.023546272302e-04,25.013255894,25.013255894,0.000000000000e+00,0.000000000000e+00,0.000000000000e+00,0.000000000000e+00,2.973704594170e-05,1.313879882722e-04,1.507258342019e-04,0.000000000000e+00,0.000000000000e+00,0.000000000000e+00,0.000000000000e+00,0.000000000000e+00
C,S1,432,144,16,SG_RBGS,1,166450,9.998098739860e-08,8.861329073767e-05,1.507283889351e-04,5.023705004713e-04,5.152474139,5.152474139,0.000000000000e+00,0.000000000000e+00,0.000000000000e+00,0.000000000000e+00,2.973710766175e-05,1.313892551416e-04,1.507283889351e-04,0.000000000000e+00,0.000000000000e+00,0.000000000000e+00,0.000000000000e+00,0.000000000000e+00
C,S1,432,144,16,MG3V,1,58,7.958455848281e-08,8.861282515149e-05,1.507268787838e-04,5.023606955453e-04,0.054195372,0.054195372,0.000000000000e+00,0.000000000000e+00,0.000000000000e+00,0.000000000000e+00,2.973708937235e-05,1.313885788630e-04,1.507268787838e-04,0.000000000000e+00,0.000000000000e+00,0.000000000000e+00,0.000000000000e+00,0.000000000000e+00
C,S1,432,144,16,MG2W,1,130,9.376559140598e-08,8.861315346538e-05,1.507279692786e-04,5.023678573422e-04,0.252841949,0.252841949,0.000000000000e+00,0.000000000000e+00,0.000000000000e+00,0.000000000000e+00,2.973709221008e-05,1.313891482086e-04,1.507279692786e-04,0.000000000000e+00,0.000000000000e+00,0.000000000000e+00,0.000000000000e+00,0.000000000000e+00
C,S1,432,144,16,MG2V,1,258,9.801091643509e-08,8.861327081120e-05,1.507283264234e-04,5.023700828729e-04,0.365316210,0.365316210,0.000000000000e+00,0.000000000000e+00,0.000000000000e+00,0.000000000000e+00,2.973709815666e-05,1.313890061068e-04,1.507283264234e-04,0.000000000000e+00,0.000000000000e+00,0.000000000000e+00,0.000000000000e+00,0.000000000000e+00
C,S1,432,144,16,RMT3H,1,164,8.251414623306e-08,8.861236740794e-05,1.507258342019e-04,5.023546272302e-04,6.651295040,6.651295040,0.000000000000e+00,0.000000000000e+00,0.000000000000e+00,0.000000000000e+00,2.973704594170e-05,1.313879882722e-04,1.507258342019e-04,0.000000000000e+00,0.000000000000e+00,0.000000000000e+00,0.000000000000e+00,0.000000000000e+00
C,S3,216,72,2,SG_RBGS,1,11986,9.999103123637e-08,4.784568505446e-04,1.325078961494e-03,9.372815336860e-03,0.419451158,0.419451158,0.000000000000e+00,0.000000000000e+00,0.000000000000e+00,0.000000000000e+00,3.239898995614e-04,1.325078961494e-03,8.161111244831e-04,0.000000000000e+00,0.000000000000e+00,0.000000000000e+00,0.000000000000e+00,0.000000000000e+00
C,S3,216,72,2,MG3V,1,40,4.567733368439e-08,4.784560086005e-04,1.325073122687e-03,9.372680871939e-03,0.036291309,0.036291309,0.000000000000e+00,0.000000000000e+00,0.000000000000e+00,0.000000000000e+00,3.239897084391e-04,1.325073122687e-03,8.161078919420e-04,0.000000000000e+00,0.000000000000e+00,0.000000000000e+00,0.000000000000e+00,0.000000000000e+00
C,S3,216,72,2,MG2W,1,28,4.013568002047e-08,4.784560106016e-04,1.325073120439e-03,9.372680178445e-03,0.052649897,0.052649897,0.000000000000e+00,0.000000000000e+00,0.000000000000e+00,0.000000000000e+00,3.239897052513e-04,1.325073120439e-03,8.161078745186e-04,0.000000000000e+00,0.000000000000e+00,0.000000000000e+00,0.000000000000e+00,0.000000000000e+00
C,S3,216,72,2,MG2V,1,29,6.628737378132e-08,4.784560045194e-04,1.325073099703e-03,9.372680555846e-03,0.043346081,0.043346081,0.000000000000e+00,0.000000000000e+00,0.000000000000e+00,0.000000000000e+00,3.239897012538e-04,1.325073099703e-03,8.161078735413e-04,0.000000000000e+00,0.000000000000e+00,0.000000000000e+00,0.000000000000e+00,0.000000000000e+00
C,S3,216,72,2,RMT3H,1,26,4.556323207815e-08,4.784560176177e-04,1.325073123039e-03,9.372679651043e-03,1.624175198,1.624175198,0.000000000000e+00,0.000000000000e+00,0.000000000000e+00,0.000000000000e+00,3.239897073076e-04,1.325073123039e-03,8.161078832790e-04,0.000000000000e+00,0.000000000000e+00,0.000000000000e+00,0.000000000000e+00,0.000000000000e+00
C,S3,216,72,1,SG_RBGS,1,11986,9.999103123637e-08,4.784568505446e-04,1.325078961494e-03,9.372815336860e-03,0.752292911,0.752292911,0.000000000000e+00,0.000000000000e+00,0.000000000000e+00,0.000000000000e+00,3.239898995614e-04,1.325078961494e-03,8.161111244831e-04,0.000000000000e+00,0.000000000000e+00,0.000000000000e+00,0.000000000000e+00,0.000000000000e+00
C,S3,216,72,1,MG3V,1,40,4.567733368439e-08,4.784560086005e-04,1.325073122687e-03,9.372680871939e-03,0.056303445,0.056303445,0.000000000000e+00,0.000000000000e+00,0.000000000000e+00,0.000000000000e+00,3.239897084391e-04,1.325073122687e-03,8.161078919420e-04,0.000000000000e+00,0.000000000000e+00,0.000000000000e+00,0.000000000000e+00,0.000000000000e+00
C,S3,216,72,1,MG2W,1,28,4.013568002047e-08,4.784560106016e-04,1.325073120439e-03,9.372680178445e-03,0.087543629,0.087543629,0.000000000000e+00,0.000000000000e+00,0.000000000000e+00,0.000000000000e+00,3.239897052513e-04,1.325073120439e-03,8.161078745186e-04,0.000000000000e+00,0.000000000000e+00,0.000000000000e+00,0.000000000000e+00,0.000000000000e+00
C,S3,216,72,1,MG2V,1,29,6.628737378132e-08,4.784560045194e-04,1.325073099703e-03,9.372680555846e-03,0.074959695,0.074959695,0.000000000000e+00,0.000000000000e+00,0.000000000000e+00,0.000000000000e+00,3.239897012538e-04,1.325073099703e-03,8.161078735413e-04,0.000000000000e+00,0.000000000000e+00,0.000000000000e+00,0.000000000000e+00,0.000000000000e+00
C,S3,216,72,1,RMT3H,1,26,4.556323207815e-08,4.784560176177e-04,1.325073123039e-03,9.372679651043e-03,3.090531779,3.090531779,0.000000000000e+00,0.000000000000e+00,0.000000000000e+00,0.000000000000e+00,3.239897073076e-04,1.325073123039e-03,8.161078832790e-04,0.000000000000e+00,0.000000000000e+00,0.000000000000e+00,0.000000000000e+00,0.000000000000e+00
C,S3,216,72,4,SG_RBGS,1,11986,9.999103123637e-08,4.784568505446e-04,1.325078961494e-03,9.372815336860e-03,0.377167631,0.377167631,0.000000000000e+00,0.000000000000e+00,0.000000000000e+00,0.000000000000e+00,3.239898995614e-04,1.325078961494e-03,8.161111244831e-04,0.000000000000e+00,0.000000000000e+00,0.000000000000e+00,0.000000000000e+00,0.000000000000e+00
C,S3,216,72,4,MG3V,1,40,4.567733368439e-08,4.784560086005e-04,1.325073122687e-03,9.372680871939e-03,0.126708854,0.126708854,0.000000000000e+00,0.000000000000e+00,0.000000000000e+00,0.000000000000e+00,3.239897084391e-04,1.325073122687e-03,8.161078919420e-04,0.000000000000e+00,0.000000000000e+00,0.000000000000e+00,0.000000000000e+00,0.000000000000e+00
C,S3,216,72,4,MG2W,1,28,4.013568002047e-08,4.784560106016e-04,1.325073120439e-03,9.372680178445e-03,0.058881808,0.058881808,0.000000000000e+00,0.000000000000e+00,0.000000000000e+00,0.000000000000e+00,3.239897052513e-04,1.325073120439e-03,8.161078745186e-04,0.000000000000e+00,0.000000000000e+00,0.000000000000e+00,0.000000000000e+00,0.000000000000e+00
C,S3,216,72,4,MG2V,1,29,6.628737378132e-08,4.784560045194e-04,1.325073099703e-03,9.372680555846e-03,0.037853466,0.037853466,0.000000000000e+00,0.000000000000e+00,0.000000000000e+00,0.000000000000e+00,3.239897012538e-04,1.325073099703e-03,8.161078735413e-04,0.000000000000e+00,0.000000000000e+00,0.000000000000e+00,0.000000000000e+00,0.000000000000e+00
C,S3,216,72,4,RMT3H,1,26,4.556323207815e-08,4.784560176177e-04,1.325073123039e-03,9.372679651043e-03,0.915829401,0.915829401,0.000000000000e+00,0.000000000000e+00,0.000000000000e+00,0.000000000000e+00,3.239897073076e-04,1.325073123039e-03,8.161078832790e-04,0.000000000000e+00,0.000000000000e+00,0.000000000000e+00,0.000000000000e+00,0.000000000000e+00
C,S3,216,72,16,SG_RBGS,1,11986,9.999103123638e-08,4.784568505446e-04,1.325078961494e-03,9.372815336860e-03,0.200066928,0.200066928,0.000000000000e+00,0.000000000000e+00,0.000000000000e+00,0.000000000000e+00,3.239898995614e-04,1.325078961494e-03,8.161111244831e-04,0.000000000000e+00,0.000000000000e+00,0.000000000000e+00,0.000000000000e+00,0.000000000000e+00
C,S3,216,72,16,MG3V,1,40,4.567733368439e-08,4.784560086005e-04,1.325073122687e-03,9.372680871939e-03,0.022493146,0.022493146,0.000000000000e+00,0.000000000000e+00,0.000000000000e+00,0.000000000000e+00,3.239897084391e-04,1.325073122687e-03,8.161078919420e-04,0.000000000000e+00,0.000000000000e+00,0.000000000000e+00,0.000000000000e+00,0.000000000000e+00
C,S3,216,72,16,MG2W,1,28,4.013568002047e-08,4.784560106016e-04,1.325073120439e-03,9.372680178445e-03,0.034598839,0.034598839,0.000000000000e+00,0.000000000000e+00,0.000000000000e+00,0.000000000000e+00,3.239897052513e-04,1.325073120439e-03,8.161078745186e-04,0.000000000000e+00,0.000000000000e+00,0.000000000000e+00,0.000000000000e+00,0.000000000000e+00
C,S3,216,72,16,MG2V,1,29,6.628737378132e-08,4.784560045194e-04,1.325073099703e-03,9.372680555846e-03,0.022437766,0.022437766,0.000000000000e+00,0.000000000000e+00,0.000000000000e+00,0.000000000000e+00,3.239897012538e-04,1.325073099703e-03,8.161078735413e-04,0.000000000000e+00,0.000000000000e+00,0.000000000000e+00,0.000000000000e+00,0.000000000000e+00
C,S3,216,72,16,RMT3H,1,26,4.556323207815e-08,4.784560176177e-04,1.325073123039e-03,9.372679651043e-03,0.231892668,0.231892668,0.000000000000e+00,0.000000000000e+00,0.000000000000e+00,0.000000000000e+00,3.239897073076e-04,1.325073123039e-03,8.161078832790e-04,0.000000000000e+00,0.000000000000e+00,0.000000000000e+00,0.000000000000e+00,0.000000000000e+00
C,S3,108,36,2,SG_RBGS,1,3148,9.810112209836e-08,8.960567709869e-04,2.466338492813e-03,1.693536184479e-02,0.034656050,0.034656050,0.000000000000e+00,0.000000000000e+00,0.000000000000e+00,0.000000000000e+00,5.995329221669e-04,2.466338492813e-03,1.510451075913e-03,0.000000000000e+00,0.000000000000e+00,0.000000000000e+00,0.000000000000e+00,0.000000000000e+00
C,S3,108,36,2,MG3V,1,34,3.346836597497e-08,8.960559036163e-04,2.466332810762e-03,1.693523348247e-02,0.010281740,0.010281740,0.000000000000e+00,0.000000000000e+00,0.000000000000e+00,0.000000000000e+00,5.995326991576e-04,2.466332810762e-03,1.510447918776e-03,0.000000000000e+00,0.000000000000e+00,0.000000000000e+00,0.000000000000e+00,0.000000000000e+00
C,S3,108,36,2,MG2W,1,27,7.731039083306e-08,8.960558958905e-04,2.466332783740e-03,1.693523250179e-02,0.018921228,0.018921228,0.000000000000e+00,0.000000000000e+00,0.000000000000e+00,0.000000000000e+00,5.995326999568e-04,2.466332783740e-03,1.510447982514e-03,0.000000000000e+00,0.000000000000e+00,0.000000000000e+00,0.000000000000e+00,0.000000000000e+00
C,S3,108,36,2,MG2V,1,27,9.910394124814e-08,8.960559068410e-04,2.466332780597e-03,1.693523261224e-02,0.012741840,0.012741840,0.000000000000e+00,0.000000000000e+00,0.000000000000e+00,0.000000000000e+00,5.995327251121e-04,2.466332780597e-03,1.510447871030e-03,0.000000000000e+00,0.000000000000e+00,0.000000000000e+00,0.000000000000e+00,0.000000000000e+00
C,S3,108,36,2,RMT3H,1,20,9.593444576571e-08,8.960567210715e-04,2.466334137474e-03,1.693522903364e-02,0.230727095,0.230727095,0.000000000000e+00,0.000000000000e+00,0.000000000000e+00,0.000000000000e+00,5.995330737699e-04,2.466334137474e-03,1.510447505342e-03,0.000000000000e+00,0.000000000000e+00,0.000000000000e+00,0.000000000000e+00,0.000000000000e+00
C,S3,108,36,1,SG_RBGS,1,3148,9.810112209836e-08,8.960567709869e-04,2.466338492813e-03,1.693536184479e-02,0.051559106,0.051559106,0.000000000000e+00,0.000000000000e+00,0.000000000000e+00,0.000000000000e+00,5.995329221669e-04,2.466338492813e-03,1.510451075913e-03,0.000000000000e+00,0.000000000000e+00,0.000000000000e+00,0.000000000000e+00,0.000000000000e+00
C,S3,108,36,1,MG3V,1,34,3.346836597497e-08,8.960559036163e-04,2.466332810762e-03,1.693523348247e-02,0.012042582,0.012042582,0.000000000000e+00,0.000000000000e+00,0.000000000000e+00,0.000000000000e+00,5.995326991576e-04,2.466332810762e-03,1.510447918776e-03,0.000000000000e+00,0.000000000000e+00,0.000000000000e+00,0.000000000000e+00,0.000000000000e+00
C,S3,108,36,1,MG2W,1,27,7.731039083306e-08,8.960558958905e-04,2.466332783740e-03,1.693523250179e-02,0.020819053,0.020819053,0.000000000000e+00,0.000000000000e+00,0.000000000000e+00,0.000000000000e+00,5.995326999568e-04,2.466332783740e-03,1.510447982514e-03,0.000000000000e+00,0.000000000000e+00,0.000000000000e+00,0.000000000000e+00,0.000000000000e+00
C,S3,108,36,1,MG2V,1,27,9.910394124814e-08,8.960559068410e-04,2.466332780597e-03,1.693523261224e-02,0.017124221,0.017124221,0.000000000000e+00,0.000000000000e+00,0.000000000000e+00,0.000000000000e+00,5.995327251121e-04,2.466332780597e-03,1.510447871030e-03,0.000000000000e+00,0.000000000000e+00,0.000000000000e+00,0.000000000000e+00,0.000000000000e+00
C,S3,108,36,1,RMT3H,1,20,9.593444576571e-08,8.960567210715e-04,2.466334137474e-03,1.693522903364e-02,0.454340957,0.454340957,0.000000000000e+00,0.000000000000e+00,0.000000000000e+00,0.000000000000e+00,5.995330737699e-04,2.466334137474e-03,1.510447505342e-03,0.000000000000e+00,0.000000000000e+00,0.000000000000e+00,0.000000000000e+00,0.000000000000e+00
C,S3,108,36,4,SG_RBGS,1,3148,9.810112209836e-08,8.960567709869e-04,2.466338492813e-03,1.693536184479e-02,0.033669628,0.033669628,0.000000000000e+00,0.000000000000e+00,0.000000000000e+00,0.000000000000e+00,5.995329221669e-04,2.466338492813e-03,1.510451075913e-03,0.000000000000e+00,0.000000000000e+00,0.000000000000e+00,0.000000000000e+00,0.000000000000e+00
C,S3,108,36,4,MG3V,1,34,3.346836597497e-08,8.960559036163e-04,2.466332810762e-03,1.693523348247e-02,0.010188714,0.010188714,0.000000000000e+00,0.000000000000e+00,0.000000000000e+00,0.000000000000e+00,5.995326991576e-04,2.466332810762e-03,1.510447918776e-03,0.000000000000e+00,0.000000000000e+00,0.000000000000e+00,0.000000000000e+00,0.000000000000e+00
C,S3,108,36,4,MG2W,1,27,7.731039083306e-08,8.960558958905e-04,2.466332783740e-03,1.693523250179e-02,0.017390769,0.017390769,0.000000000000e+00,0.000000000000e+00,0.000000000000e+00,0.000000000000e+00,5.995326999568e-04,2.466332783740e-03,1.510447982514e-03,0.000000000000e+00,0.000000000000e+00,0.000000000000e+00,0.000000000000e+00,0.000000000000e+00
C,S3,108,36,4,MG2V,1,27,9.910394124814e-08,8.960559068410e-04,2.466332780597e-03,1.693523261224e-02,0.011307552,0.011307552,0.000000000000e+00,0.000000000000e+00,0.000000000000e+00,0.000000000000e+00,5.995327251121e-04,2.466332780597e-03,1.510447871030e-03,0.000000000000e+00,0.000000000000e+00,0.000000000000e+00,0.000000000000e+00,0.000000000000e+00
C,S3,108,36,4,RMT3H,1,20,9.593444576571e-08,8.960567210715e-04,2.466334137474e-03,1.693522903364e-02,0.125694022,0.125694022,0.000000000000e+00,0.000000000000e+00,0.000000000000e+00,0.000000000000e+00,5.995330737698e-04,2.466334137474e-03,1.510447505342e-03,0.000000000000e+00,0.000000000000e+00,0.000000000000e+00,0.000000000000e+00,0.000000000000e+00
C,S3,108,36,16,SG_RBGS,1,3148,9.810112209836e-08,8.960567709869e-04,2.466338492813e-03,1.693536184479e-02,0.037346438,0.037346438,0.000000000000e+00,0.000000000000e+00,0.000000000000e+00,0.000000000000e+00,5.995329221669e-04,2.466338492813e-03,1.510451075913e-03,0.000000000000e+00,0.000000000000e+00,0.000000000000e+00,0.000000000000e+00,0.000000000000e+00
C,S3,108,36,16,MG3V,1,34,3.346836597497e-08,8.960559036163e-04,2.466332810762e-03,1.693523348247e-02,0.014412135,0.014412135,0.000000000000e+00,0.000000000000e+00,0.000000000000e+00,0.000000000000e+00,5.995326991576e-04,2.466332810762e-03,1.510447918776e-03,0.000000000000e+00,0.000000000000e+00,0.000000000000e+00,0.000000000000e+00,0.000000000000e+00
C,S3,108,36,16,MG2W,1,27,7.731039083306e-08,8.960558958905e-04,2.466332783740e-03,1.693523250179e-02,0.022445492,0.022445492,0.000000000000e+00,0.000000000000e+00,0.000000000000e+00,0.000000000000e+00,5.995326999568e-04,2.466332783740e-03,1.510447982514e-03,0.000000000000e+00,0.000000000000e+00,0.000000000000e+00,0.000000000000e+00,0.000000000000e+00
C,S3,108,36,16,MG2V,1,27,9.910394124814e-08,8.960559068410e-04,2.466332780597e-03,1.693523261224e-02,0.012724794,0.012724794,0.000000000000e+00,0.000000000000e+00,0.000000000000e+00,0.000000000000e+00,5.995327251121e-04,2.466332780597e-03,1.510447871030e-03,0.000000000000e+00,0.000000000000e+00,0.000000000000e+00,0.000000000000e+00,0.000000000000e+00
C,S3,108,36,16,RMT3H,1,20,9.593444576571e-08,8.960567210715e-04,2.466334137474e-03,1.693522903364e-02,0.039885975,0.039885975,0.000000000000e+00,0.000000000000e+00,0.000000000000e+00,0.000000000000e+00,5.995330737699e-04,2.466334137474e-03,1.510447505342e-03,0.000000000000e+00,0.000000000000e+00,0.000000000000e+00,0.000000000000e+00,0.000000000000e+00
C,S3,864,288,2,SG_RBGS,1,183976,9.999273484846e-08,1.259828778526e-04,3.512019582597e-04,2.508562730376e-03,114.727789314,114.727789314,0.000000000000e+00,0.000000000000e+00,0.000000000000e+00,0.000000000000e+00,8.623821064625e-05,3.512019582597e-04,2.177457835946e-04,0.000000000000e+00,0.000000000000e+00,0.000000000000e+00,0.000000000000e+00,0.000000000000e+00
C,S3,864,288,2,MG3V,1,69,8.483531317064e-08,1.259823247004e-04,3.511981439439e-04,2.508476852109e-03,0.874650700,0.874650700,0.000000000000e+00,0.000000000000e+00,0.000000000000e+00,0.000000000000e+00,8.623811136399e-05,3.511981439439e-04,2.177434471802e-04,0.000000000000e+00,0.000000000000e+00,0.000000000000e+00,0.000000000000e+00,0.000000000000e+00
C,S3,864,288,2,MG2W,1,148,9.534542369251e-08,1.259826881671e-04,3.512006678096e-04,2.508533387820e-03,4.225488616,4.225488616,0.000000000000e+00,0.000000000000e+00,0.000000000000e+00,0.000000000000e+00,8.623819778977e-05,3.512006678096e-04,2.177451592603e-04,0.000000000000e+00,0.000000000000e+00,0.000000000000e+00,0.000000000000e+00,0.000000000000e+00
C,S3,864,288,2,MG2V,1,292,9.727638900610e-08,1.259828265642e-04,3.512016365713e-04,2.508556823854e-03,6.744971901,6.744971901,0.000000000000e+00,0.000000000000e+00,0.000000000000e+00,0.000000000000e+00,8.623820265153e-05,3.512016365713e-04,2.177454436628e-04,0.000000000000e+00,0.000000000000e+00,0.000000000000e+00,0.000000000000e+00,0.000000000000e+00
C,S3,864,288,2,RMT3H,1,52,6.125393225916e-08,1.259820492081e-04,3.511962810872e-04,2.508428023294e-03,61.847245680,61.847245680,0.000000000000e+00,0.000000000000e+00,0.000000000000e+00,0.000000000000e+00,8.623804717180e-05,3.511962810872e-04,2.177426433874e-04,0.000000000000e+00,0.000000000000e+00,0.000000000000e+00,0.000000000000e+00,0.000000000000e+00
C,S3,864,288,1,SG_RBGS,1,183976,9.999273484844e-08,1.259828778526e-04,3.512019582597e-04,2.508562730376e-03,227.764730267,227.764730267,0.000000000000e+00,0.000000000000e+00,0.000000000000e+00,0.000000000000e+00,8.623821064625e-05,3.512019582597e-04,2.177457835946e-04,0.000000000000e+00,0.000000000000e+00,0.000000000000e+00,0.000000000000e+00,0.000000000000e+00
C,S3,864,288,1,MG3V,1,69,8.483531317063e-08,1.259823247004e-04,3.511981439439e-04,2.508476852109e-03,1.590984590,1.590984590,0.000000000000e+00,0.000000000000e+00,0.000000000000e+00,0.000000000000e+00,8.623811136399e-05,3.511981439439e-04,2.177434471802e-04,0.000000000000e+00,0.000000000000e+00,0.000000000000e+00,0.000000000000e+00,0.000000000000e+00
C,S3,864,288,1,MG2W,1,148,9.534542369250e-08,1.259826881671e-04,3.512006678096e-04,2.508533387820e-03,7.635142952,7.635142952,0.000000000000e+00,0.000000000000e+00,0.000000000000e+00,0.000000000000e+00,8.623819778977e-05,3.512006678096e-04,2.177451592603e-04,0.000000000000e+00,0.000000000000e+00,0.000000000000e+00,0.000000000000e+00,0.000000000000e+00
C,S3,864,288,1,MG2V,1,292,9.727638900609e-08,1.259828265642e-04,3.512016365713e-04,2.508556823854e-03,12.504729353,12.504729353,0.000000000000e+00,0.000000000000e+00,0.000000000000e+00,0.000000000000e+00,8.623820265153e-05,3.512016365713e-04,2.177454436628e-04,0.000000000000e+00,0.000000000000e+00,0.000000000000e+00,0.000000000000e+00,0.000000000000e+00
C,S3,864,288,1,RMT3H,1,52,6.125393225916e-08,1.259820492081e-04,3.511962810872e-04,2.508428023294e-03,116.791201964,116.791201964,0.000000000000e+00,0.000000000000e+00,0.000000000000e+00,0.000000000000e+00,8.623804717180e-05,3.511962810872e-04,2.177426433874e-04,0.000000000000e+00,0.000000000000e+00,0.000000000000e+00,0.000000000000e+00,0.000000000000e+00
C,S3,864,288,4,SG_RBGS,1,183976,9.999273484847e-08,1.259828778526e-04,3.512019582597e-04,2.508562730376e-03,56.624580290,56.624580290,0.000000000000e+00,0.000000000000e+00,0.000000000000e+00,0.000000000000e+00,8.623821064625e-05,3.512019582597e-04,2.177457835946e-04,0.000000000000e+00,0.000000000000e+00,0.000000000000e+00,0.000000000000e+00,0.000000000000e+00
C,S3,864,288,4,MG3V,1,69,8.483531317064e-08,1.259823247004e-04,3.511981439439e-04,2.508476852109e-03,0.434871342,0.434871342,0.000000000000e+00,0.000000000000e+00,0.000000000000e+00,0.000000000000e+00,8.623811136399e-05,3.511981439439e-04,2.177434471802e-04,0.000000000000e+00,0.000000000000e+00,0.000000000000e+00,0.000000000000e+00,0.000000000000e+00
C,S3,864,288,4,MG2W,1,148,9.534542369252e-08,1.259826881671e-04,3.512006678096e-04,2.508533387820e-03,2.142921474,2.142921474,0.000000000000e+00,0.000000000000e+00,0.000000000000e+00,0.000000000000e+00,8.623819778977e-05,3.512006678096e-04,2.177451592603e-04,0.000000000000e+00,0.000000000000e+00,0.000000000000e+00,0.000000000000e+00,0.000000000000e+00
C,S3,864,288,4,MG2V,1,292,9.727638900611e-08,1.259828265642e-04,3.512016365713e-04,2.508556823854e-03,3.464541614,3.464541614,0.000000000000e+00,0.000000000000e+00,0.000000000000e+00,0.000000000000e+00,8.623820265153e-05,3.512016365713e-04,2.177454436628e-04,0.000000000000e+00,0.000000000000e+00,0.000000000000e+00,0.000000000000e+00,0.000000000000e+00
C,S3,864,288,4,RMT3H,1,52,6.125393225916e-08,1.259820492081e-04,3.511962810872e-04,2.508428023294e-03,31.089341640,31.089341640,0.000000000000e+00,0.000000000000e+00,0.000000000000e+00,0.000000000000e+00,8.623804717180e-05,3.511962810872e-04,2.177426433874e-04,0.000000000000e+00,0.000000000000e+00,0.000000000000e+00,0.000000000000e+00,0.000000000000e+00
C,S3,864,288,16,SG_RBGS,1,183976,9.999273484847e-08,1.259828778526e-04,3.512019582597e-04,2.508562730376e-03,15.249595549,15.249595549,0.000000000000e+00,0.000000000000e+00,0.000000000000e+00,0.000000000000e+00,8.623821064625e-05,3.512019582597e-04,2.177457835946e-04,0.000000000000e+00,0.000000000000e+00,0.000000000000e+00,0.000000000000e+00,0.000000000000e+00
C,S3,864,288,16,MG3V,1,69,8.483531317065e-08,1.259823247004e-04,3.511981439439e-04,2.508476852109e-03,0.152865529,0.152865529,0.000000000000e+00,0.000000000000e+00,0.000000000000e+00,0.000000000000e+00,8.623811136399e-05,3.511981439439e-04,2.177434471802e-04,0.000000000000e+00,0.000000000000e+00,0.000000000000e+00,0.000000000000e+00,0.000000000000e+00
C,S3,864,288,16,MG2W,1,148,9.534542369252e-08,1.259826881671e-04,3.512006678096e-04,2.508533387820e-03,0.777804151,0.777804151,0.000000000000e+00,0.000000000000e+00,0.000000000000e+00,0.000000000000e+00,8.623819778978e-05,3.512006678096e-04,2.177451592603e-04,0.000000000000e+00,0.000000000000e+00,0.000000000000e+00,0.000000000000e+00,0.000000000000e+00
C,S3,864,288,16,MG2V,1,292,9.727638900611e-08,1.259828265642e-04,3.512016365713e-04,2.508556823854e-03,1.202984322,1.202984322,0.000000000000e+00,0.000000000000e+00,0.000000000000e+00,0.000000000000e+00,8.623820265153e-05,3.512016365713e-04,2.177454436629e-04,0.000000000000e+00,0.000000000000e+00,0.000000000000e+00,0.000000000000e+00,0.000000000000e+00
C,S3,864,288,16,RMT3H,1,52,6.125393225916e-08,1.259820492081e-04,3.511962810872e-04,2.508428023294e-03,8.197641041,8.197641041,0.000000000000e+00,0.000000000000e+00,0.000000000000e+00,0.000000000000e+00,8.623804717180e-05,3.511962810872e-04,2.177426433874e-04,0.000000000000e+00,0.000000000000e+00,0.000000000000e+00,0.000000000000e+00,0.000000000000e+00
C,S3,1728,576,2,SG_RBGS,1,710946,2.077773417405e-07,6.355254746090e-05,1.774019439031e-04,1.269337108779e-03,1919.459181052,1919.459181052,0.000000000000e+00,0.000000000000e+00,0.000000000000e+00,0.000000000000e+00,4.359068737142e-05,1.774019439031e-04,1.101350019845e-04,0.000000000000e+00,0.000000000000e+00,0.000000000000e+00,0.000000000000e+00,0.000000000000e+00
C,S3,1728,576,2,MG3V,1,242,9.581279989320e-08,6.355187679265e-05,1.773973439697e-04,1.269228761931e-03,12.019676056,12.019676056,0.000000000000e+00,0.000000000000e+00,0.000000000000e+00,0.000000000000e+00,4.359048419644e-05,1.773973439697e-04,1.101343176450e-04,0.000000000000e+00,0.000000000000e+00,0.000000000000e+00,0.000000000000e+00,0.000000000000e+00
C,S3,1728,576,2,MG2W,1,568,9.622150650570e-08,6.355189978606e-05,1.773974750020e-04,1.269230008941e-03,62.295092508,62.295092508,0.000000000000e+00,0.000000000000e+00,0.000000000000e+00,0.000000000000e+00,4.359049671602e-05,1.773974750020e-04,1.101348606308e-04,0.000000000000e+00,0.000000000000e+00,0.000000000000e+00,0.000000000000e+00,0.000000000000e+00
C,S3,1728,576,2,MG2V,1,1128,9.947465625337e-08,6.355193599595e-05,1.773977265391e-04,1.269236092184e-03,102.116825022,102.116825022,0.000000000000e+00,0.000000000000e+00,0.000000000000e+00,0.000000000000e+00,4.359050420132e-05,1.773977265391e-04,1.101349444771e-04,0.000000000000e+00,0.000000000000e+00,0.000000000000e+00,0.000000000000e+00,0.000000000000e+00
C,S3,1728,576,2,RMT3H,1,87,8.672299727763e-08,6.355112846426e-05,1.773921821675e-04,1.269103781694e-03,483.670261394,483.670261394,0.000000000000e+00,0.000000000000e+00,0.000000000000e+00,0.000000000000e+00,4.359034446421e-05,1.773921821675e-04,1.101316114258e-04,0.000000000000e+00,0.000000000000e+00,0.000000000000e+00,0.000000000000e+00,0.000000000000e+00
C,S3,1728,576,1,SG_RBGS,1,710946,2.077773417404e-07,6.355254746090e-05,1.774019439030e-04,1.269337108779e-03,5773.183398333,5773.183398333,0.000000000000e+00,0.000000000000e+00,0.000000000000e+00,0.000000000000e+00,4.359068737142e-05,1.774019439030e-04,1.101350019845e-04,0.000000000000e+00,0.000000000000e+00,0.000000000000e+00,0.000000000000e+00,0.000000000000e+00
C,S3,1728,576,1,MG3V,1,242,9.581279989316e-08,6.355187679264e-05,1.773973439697e-04,1.269228761931e-03,28.242284452,28.242284452,0.000000000000e+00,0.000000000000e+00,0.000000000000e+00,0.000000000000e+00,4.359048419644e-05,1.773973439697e-04,1.101343176450e-04,0.000000000000e+00,0.000000000000e+00,0.000000000000e+00,0.000000000000e+00,0.000000000000e+00
C,S3,1728,576,1,MG2W,1,568,9.622150650571e-08,6.355189978605e-05,1.773974750020e-04,1.269230008941e-03,136.951719873,136.951719873,0.000000000000e+00,0.000000000000e+00,0.000000000000e+00,0.000000000000e+00,4.359049671601e-05,1.773974750020e-04,1.101348606308e-04,0.000000000000e+00,0.000000000000e+00,0.000000000000e+00,0.000000000000e+00,0.000000000000e+00
C,S3,1728,576,1,MG2V,1,1128,9.947465625333e-08,6.355193599595e-05,1.773977265391e-04,1.269236092184e-03,225.412999590,225.412999590,0.000000000000e+00,0.000000000000e+00,0.000000000000e+00,0.000000000000e+00,4.359050420132e-05,1.773977265391e-04,1.101349444771e-04,0.000000000000e+00,0.000000000000e+00,0.000000000000e+00,0.000000000000e+00,0.000000000000e+00
C,S3,1728,576,1,RMT3H,1,87,8.672299727763e-08,6.355112846426e-05,1.773921821675e-04,1.269103781694e-03,950.443759413,950.443759413,0.000000000000e+00,0.000000000000e+00,0.000000000000e+00,0.000000000000e+00,4.359034446421e-05,1.773921821675e-04,1.101316114258e-04,0.000000000000e+00,0.000000000000e+00,0.000000000000e+00,0.000000000000e+00,0.000000000000e+00
C,S3,1728,576,4,SG_RBGS,1,710946,2.077773417406e-07,6.355254746091e-05,1.774019439031e-04,1.269337108779e-03,960.834176071,960.834176071,0.000000000000e+00,0.000000000000e+00,0.000000000000e+00,0.000000000000e+00,4.359068737142e-05,1.774019439031e-04,1.101350019845e-04,0.000000000000e+00,0.000000000000e+00,0.000000000000e+00,0.000000000000e+00,0.000000000000e+00
C,S3,1728,576,4,MG3V,1,242,9.581279989322e-08,6.355187679265e-05,1.773973439697e-04,1.269228761931e-03,6.114125300,6.114125300,0.000000000000e+00,0.000000000000e+00,0.000000000000e+00,0.000000000000e+00,4.359048419644e-05,1.773973439697e-04,1.101343176450e-04,0.000000000000e+00,0.000000000000e+00,0.000000000000e+00,0.000000000000e+00,0.000000000000e+00
C,S3,1728,576,4,MG2W,1,568,9.622150650570e-08,6.355189978606e-05,1.773974750021e-04,1.269230008941e-03,31.786245223,31.786245223,0.000000000000e+00,0.000000000000e+00,0.000000000000e+00,0.000000000000e+00,4.359049671602e-05,1.773974750021e-04,1.101348606308e-04,0.000000000000e+00,0.000000000000e+00,0.000000000000e+00,0.000000000000e+00,0.000000000000e+00
C,S3,1728,576,4,MG2V,1,1128,9.947465625338e-08,6.355193599596e-05,1.773977265391e-04,1.269236092184e-03,51.648182098,51.648182098,0.000000000000e+00,0.000000000000e+00,0.000000000000e+00,0.000000000000e+00,4.359050420132e-05,1.773977265391e-04,1.101349444771e-04,0.000000000000e+00,0.000000000000e+00,0.000000000000e+00,0.000000000000e+00,0.000000000000e+00
C,S3,1728,576,4,RMT3H,1,87,8.672299727763e-08,6.355112846426e-05,1.773921821676e-04,1.269103781694e-03,249.584081300,249.584081300,0.000000000000e+00,0.000000000000e+00,0.000000000000e+00,0.000000000000e+00,4.359034446421e-05,1.773921821676e-04,1.101316114258e-04,0.000000000000e+00,0.000000000000e+00,0.000000000000e+00,0.000000000000e+00,0.000000000000e+00
C,S3,1728,576,16,SG_RBGS,1,710946,2.077773417406e-07,6.355254746091e-05,1.774019439031e-04,1.269337108779e-03,295.777471650,295.777471650,0.000000000000e+00,0.000000000000e+00,0.000000000000e+00,0.000000000000e+00,4.359068737142e-05,1.774019439031e-04,1.101350019845e-04,0.000000000000e+00,0.000000000000e+00,0.000000000000e+00,0.000000000000e+00,0.000000000000e+00
C,S3,1728,576,16,MG3V,1,242,9.581279989322e-08,6.355187679266e-05,1.773973439697e-04,1.269228761931e-03,2.129017390,2.129017390,0.000000000000e+00,0.000000000000e+00,0.000000000000e+00,0.000000000000e+00,4.359048419644e-05,1.773973439697e-04,1.101343176450e-04,0.000000000000e+00,0.000000000000e+00,0.000000000000e+00,0.000000000000e+00,0.000000000000e+00
C,S3,1728,576,16,MG2W,1,568,9.622150650570e-08,6.355189978607e-05,1.773974750021e-04,1.269230008941e-03,10.127349380,10.127349380,0.000000000000e+00,0.000000000000e+00,0.000000000000e+00,0.000000000000e+00,4.359049671602e-05,1.773974750021e-04,1.101348606309e-04,0.000000000000e+00,0.000000000000e+00,0.000000000000e+00,0.000000000000e+00,0.000000000000e+00
C,S3,1728,576,16,MG2V,1,1128,9.947465625338e-08,6.355193599596e-05,1.773977265391e-04,1.269236092184e-03,16.840925895,16.840925895,0.000000000000e+00,0.000000000000e+00,0.000000000000e+00,0.000000000000e+00,4.359050420132e-05,1.773977265391e-04,1.101349444772e-04,0.000000000000e+00,0.000000000000e+00,0.000000000000e+00,0.000000000000e+00,0.000000000000e+00
C,S3,1728,576,16,RMT3H,1,87,8.672299727762e-08,6.355112846427e-05,1.773921821676e-04,1.269103781694e-03,64.543381669,64.543381669,0.000000000000e+00,0.000000000000e+00,0.000000000000e+00,0.000000000000e+00,4.359034446421e-05,1.773921821676e-04,1.101316114258e-04,0.000000000000e+00,0.000000000000e+00,0.000000000000e+00,0.000000000000e+00,0.000000000000e+00
C,S3,432,144,2,SG_RBGS,1,46666,9.989320637408e-08,2.475940811325e-04,6.885259864461e-04,4.901700820596e-03,6.140324693,6.140324693,0.000000000000e+00,0.000000000000e+00,0.000000000000e+00,0.000000000000e+00,1.688302501714e-04,6.885259864461e-04,4.258314958652e-04,0.000000000000e+00,0.000000000000e+00,0.000000000000e+00,0.000000000000e+00,0.000000000000e+00
C,S3,432,144,2,MG3V,1,43,5.664331558356e-08,2.475932116132e-04,6.885201462822e-04,4.901561946694e-03,0.127233036,0.127233036,0.000000000000e+00,0.000000000000e+00,0.000000000000e+00,0.000000000000e+00,1.688300721174e-04,6.885201462822e-04,4.258282290820e-04,0.000000000000e+00,0.000000000000e+00,0.000000000000e+00,0.000000000000e+00,0.000000000000e+00
C,S3,432,144,2,MG2W,1,43,3.936299491594e-08,2.475933515209e-04,6.885210942142e-04,4.901586952007e-03,0.294879880,0.294879880,0.000000000000e+00,0.000000000000e+00,0.000000000000e+00,0.000000000000e+00,1.688301065957e-04,6.885210942142e-04,4.258289954471e-04,0.000000000000e+00,0.000000000000e+00,0.000000000000e+00,0.000000000000e+00,0.000000000000e+00
C,S3,432,144,2,MG2V,1,80,9.845753710473e-08,2.475935626647e-04,6.885225289177e-04,4.901622694356e-03,0.447248679,0.447248679,0.000000000000e+00,0.000000000000e+00,0.000000000000e+00,0.000000000000e+00,1.688301585183e-04,6.885225289177e-04,4.258306687899e-04,0.000000000000e+00,0.000000000000e+00,0.000000000000e+00,0.000000000000e+00,0.000000000000e+00
C,S3,432,144,2,RMT3H,1,34,7.738857990446e-08,2.475932229474e-04,6.885202983018e-04,4.901566339743e-03,10.085687615,10.085687615,0.000000000000e+00,0.000000000000e+00,0.000000000000e+00,0.000000000000e+00,1.688300776424e-04,6.885202983018e-04,4.258285027152e-04,0.000000000000e+00,0.000000000000e+00,0.000000000000e+00,0.000000000000e+00,0.000000000000e+00
C,S3,432,144,1,SG_RBGS,1,46666,9.989320637408e-08,2.475940811324e-04,6.885259864461e-04,4.901700820596e-03,14.106536552,14.106536552,0.000000000000e+00,0.000000000000e+00,0.000000000000e+00,0.000000000000e+00,1.688302501714e-04,6.885259864461e-04,4.258314958652e-04,0.000000000000e+00,0.000000000000e+00,0.000000000000e+00,0.000000000000e+00,0.000000000000e+00
C,S3,432,144,1,MG3V,1,43,5.664331558356e-08,2.475932116132e-04,6.885201462822e-04,4.901561946694e-03,0.248847999,0.248847999,0.000000000000e+00,0.000000000000e+00,0.000000000000e+00,0.000000000000e+00,1.688300721174e-04,6.885201462822e-04,4.258282290820e-04,0.000000000000e+00,0.000000000000e+00,0.000000000000e+00,0.000000000000e+00,0.000000000000e+00
C,S3,432,144,1,MG2W,1,43,3.936299491594e-08,2.475933515209e-04,6.885210942142e-04,4.901586952007e-03,0.553177495,0.553177495,0.000000000000e+00,0.000000000000e+00,0.000000000000e+00,0.000000000000e+00,1.688301065957e-04,6.885210942142e-04,4.258289954471e-04,0.000000000000e+00,0.000000000000e+00,0.000000000000e+00,0.000000000000e+00,0.000000000000e+00
C,S3,432,144,1,MG2V,1,80,9.845753710473e-08,2.475935626647e-04,6.885225289177e-04,4.901622694356e-03,0.839375602,0.839375602,0.000000000000e+00,0.000000000000e+00,0.000000000000e+00,0.000000000000e+00,1.688301585183e-04,6.885225289177e-04,4.258306687899e-04,0.000000000000e+00,0.000000000000e+00,0.000000000000e+00,0.000000000000e+00,0.000000000000e+00
C,S3,432,144,1,RMT3H,1,34,7.738857990446e-08,2.475932229474e-04,6.885202983018e-04,4.901566339743e-03,19.029258607,19.029258607,0.000000000000e+00,0.000000000000e+00,0.000000000000e+00,0.000000000000e+00,1.688300776424e-04,6.885202983018e-04,4.258285027152e-04,0.000000000000e+00,0.000000000000e+00,0.000000000000e+00,0.000000000000e+00,0.000000000000e+00
C,S3,432,144,4,SG_RBGS,1,46666,9.989320637408e-08,2.475940811325e-04,6.885259864461e-04,4.901700820596e-03,3.384949856,3.384949856,0.000000000000e+00,0.000000000000e+00,0.000000000000e+00,0.000000000000e+00,1.688302501714e-04,6.885259864461e-04,4.258314958652e-04,0.000000000000e+00,0.000000000000e+00,0.000000000000e+00,0.000000000000e+00,0.000000000000e+00
C,S3,432,144,4,MG3V,1,43,5.664331558356e-08,2.475932116132e-04,6.885201462822e-04,4.901561946694e-03,0.076110788,0.076110788,0.000000000000e+00,0.000000000000e+00,0.000000000000e+00,0.000000000000e+00,1.688300721174e-04,6.885201462822e-04,4.258282290820e-04,0.000000000000e+00,0.000000000000e+00,0.000000000000e+00,0.000000000000e+00,0.000000000000e+00
C,S3,432,144,4,MG2W,1,43,3.936299491594e-08,2.475933515209e-04,6.885210942142e-04,4.901586952007e-03,0.174466617,0.174466617,0.000000000000e+00,0.000000000000e+00,0.000000000000e+00,0.000000000000e+00,1.688301065957e-04,6.885210942142e-04,4.258289954471e-04,0.000000000000e+00,0.000000000000e+00,0.000000000000e+00,0.000000000000e+00,0.000000000000e+00
C,S3,432,144,4,MG2V,1,80,9.845753710473e-08,2.475935626647e-04,6.885225289177e-04,4.901622694356e-03,0.255220324,0.255220324,0.000000000000e+00,0.000000000000e+00,0.000000000000e+00,0.000000000000e+00,1.688301585183e-04,6.885225289177e-04,4.258306687899e-04,0.000000000000e+00,0.000000000000e+00,0.000000000000e+00,0.000000000000e+00,0.000000000000e+00
C,S3,432,144,4,RMT3H,1,34,7.738857990446e-08,2.475932229474e-04,6.885202983018e-04,4.901566339743e-03,5.288606264,5.288606264,0.000000000000e+00,0.000000000000e+00,0.000000000000e+00,0.000000000000e+00,1.688300776424e-04,6.885202983018e-04,4.258285027152e-04,0.000000000000e+00,0.000000000000e+00,0.000000000000e+00,0.000000000000e+00,0.000000000000e+00
C,S3,432,144,16,SG_RBGS,1,46666,9.989320637408e-08,2.475940811325e-04,6.885259864461e-04,4.901700820596e-03,1.464366701,1.464366701,0.000000000000e+00,0.000000000000e+00,0.000000000000e+00,0.000000000000e+00,1.688302501714e-04,6.885259864461e-04,4.258314958652e-04,0.000000000000e+00,0.000000000000e+00,0.000000000000e+00,0.000000000000e+00,0.000000000000e+00
C,S3,432,144,16,MG3V,1,43,5.664331558356e-08,2.475932116132e-04,6.885201462822e-04,4.901561946694e-03,0.039892487,0.039892487,0.000000000000e+00,0.000000000000e+00,0.000000000000e+00,0.000000000000e+00,1.688300721174e-04,6.885201462822e-04,4.258282290820e-04,0.000000000000e+00,0.000000000000e+00,0.000000000000e+00,0.000000000000e+00,0.000000000000e+00
C,S3,432,144,16,MG2W,1,43,3.936299491594e-08,2.475933515209e-04,6.885210942142e-04,4.901586952007e-03,0.083972722,0.083972722,0.000000000000e+00,0.000000000000e+00,0.000000000000e+00,0.000000000000e+00,1.688301065957e-04,6.885210942142e-04,4.258289954471e-04,0.000000000000e+00,0.000000000000e+00,0.000000000000e+00,0.000000000000e+00,0.000000000000e+00
C,S3,432,144,16,MG2V,1,80,9.845753710473e-08,2.475935626647e-04,6.885225289177e-04,4.901622694356e-03,0.113212045,0.113212045,0.000000000000e+00,0.000000000000e+00,0.000000000000e+00,0.000000000000e+00,1.688301585183e-04,6.885225289177e-04,4.258306687899e-04,0.000000000000e+00,0.000000000000e+00,0.000000000000e+00,0.000000000000e+00,0.000000000000e+00
C,S3,432,144,16,RMT3H,1,34,7.738857990446e-08,2.475932229474e-04,6.885202983018e-04,4.901566339743e-03,1.417086557,1.417086557,0.000000000000e+00,0.000000000000e+00,0.000000000000e+00,0.000000000000e+00,1.688300776424e-04,6.885202983018e-04,4.258285027152e-04,0.000000000000e+00,0.000000000000e+00,0.000000000000e+00,0.000000000000e+00,0.000000000000e+00
C,S2,216,72,2,SG_RBGS,1,25754,9.981818622777e-08,3.201790193359e-04,6.801670688534e-04,3.383511166564e-03,0.911029218,0.911029218,0.000000000000e+00,0.000000000000e+00,0.000000000000e+00,0.000000000000e+00,1.629660925024e-04,6.801670688534e-04,5.539049922901e-04,0.000000000000e+00,0.000000000000e+00,0.000000000000e+00,0.000000000000e+00,0.000000000000e+00
C,S2,216,72,2,MG3V,1,40,6.069876912564e-08,3.201780797866e-04,6.801621639892e-04,3.383426475188e-03,0.035338262,0.035338262,0.000000000000e+00,0.000000000000e+00,0.000000000000e+00,0.000000000000e+00,1.629659280805e-04,6.801621639892e-04,5.539015185772e-04,0.000000000000e+00,0.000000000000e+00,0.000000000000e+00,0.000000000000e+00,0.000000000000e+00
C,S2,216,72,2,MG2W,1,26,5.727676959413e-08,3.201781936645e-04,6.801627985108e-04,3.383441169652e-03,0.049353451,0.049353451,0.000000000000e+00,0.000000000000e+00,0.000000000000e+00,0.000000000000e+00,1.629659550947e-04,6.801627985108e-04,5.539019981802e-04,0.000000000000e+00,0.000000000000e+00,0.000000000000e+00,0.000000000000e+00,0.000000000000e+00
C,S2,216,72,2,MG2V,1,47,8.133850510652e-08,3.201784708031e-04,6.801641588490e-04,3.383465748950e-03,0.069887629,0.069887629,0.000000000000e+00,0.000000000000e+00,0.000000000000e+00,0.000000000000e+00,1.629660116546e-04,6.801641588490e-04,5.539023368802e-04,0.000000000000e+00,0.000000000000e+00,0.000000000000e+00,0.000000000000e+00,0.000000000000e+00
C,S2,216,72,2,RMT3H,1,38,8.628179030086e-08,3.201779731356e-04,6.801610834621e-04,3.383407234540e-03,2.321933087,2.321933087,0.000000000000e+00,0.000000000000e+00,0.000000000000e+00,0.000000000000e+00,1.629658883175e-04,6.801610834621e-04,5.539021532812e-04,0.000000000000e+00,0.000000000000e+00,0.000000000000e+00,0.000000000000e+00,0.000000000000e+00
C,S2,216,72,1,SG_RBGS,1,25754,9.981818622777e-08,3.201790193359e-04,6.801670688534e-04,3.383511166564e-03,1.599841930,1.599841930,0.000000000000e+00,0.000000000000e+00,0.000000000000e+00,0.000000000000e+00,1.629660925024e-04,6.801670688534e-04,5.539049922901e-04,0.000000000000e+00,0.000000000000e+00,0.000000000000e+00,0.000000000000e+00,0.000000000000e+00
C,S2,216,72,1,MG3V,1,40,6.069876912564e-08,3.201780797866e-04,6.801621639892e-04,3.383426475188e-03,0.056190193,0.056190193,0.000000000000e+00,0.000000000000e+00,0.000000000000e+00,0.000000000000e+00,1.629659280805e-04,6.801621639892e-04,5.539015185772e-04,0.000000000000e+00,0.000000000000e+00,0.000000000000e+00,0.000000000000e+00,0.000000000000e+00
C,S2,216,72,1,MG2W,1,26,5.727676959413e-08,3.201781936645e-04,6.801627985108e-04,3.383441169652e-03,0.082464166,0.082464166,0.000000000000e+00,0.000000000000e+00,0.000000000000e+00,0.000000000000e+00,1.629659550947e-04,6.801627985108e-04,5.539019981802e-04,0.000000000000e+00,0.000000000000e+00,0.000000000000e+00,0.000000000000e+00,0.000000000000e+00
C,S2,216,72,1,MG2V,1,47,8.133850510652e-08,3.201784708031e-04,6.801641588490e-04,3.383465748950e-03,0.122107945,0.122107945,0.000000000000e+00,0.000000000000e+00,0.000000000000e+00,0.000000000000e+00,1.629660116546e-04,6.801641588490e-04,5.539023368802e-04,0.000000000000e+00,0.000000000000e+00,0.000000000000e+00,0.000000000000e+00,0.000000000000e+00
C,S2,216,72,1,RMT3H,1,38,8.628179030086e-08,3.201779731356e-04,6.801610834621e-04,3.383407234540e-03,4.470937848,4.470937848,0.000000000000e+00,0.000000000000e+00,0.000000000000e+00,0.000000000000e+00,1.629658883175e-04,6.801610834621e-04,5.539021532812e-04,0.000000000000e+00,0.000000000000e+00,0.000000000000e+00,0.000000000000e+00,0.000000000000e+00
C,S2,216,72,4,SG_RBGS,1,25754,9.981818622777e-08,3.201790193359e-04,6.801670688534e-04,3.383511166564e-03,0.589551739,0.589551739,0.000000000000e+00,0.000000000000e+00,0.000000000000e+00,0.000000000000e+00,1.629660925024e-04,6.801670688534e-04,5.539049922901e-04,0.000000000000e+00,0.000000000000e+00,0.000000000000e+00,0.000000000000e+00,0.000000000000e+00
C,S2,216,72,4,MG3V,1,40,6.069876912564e-08,3.201780797866e-04,6.801621639892e-04,3.383426475188e-03,0.026446782,0.026446782,0.000000000000e+00,0.000000000000e+00,0.000000000000e+00,0.000000000000e+00,1.629659280805e-04,6.801621639892e-04,5.539015185772e-04,0.000000000000e+00,0.000000000000e+00,0.000000000000e+00,0.000000000000e+00,0.000000000000e+00
C,S2,216,72,4,MG2W,1,26,5.727676959413e-08,3.201781936645e-04,6.801627985108e-04,3.383441169652e-03,0.035804361,0.035804361,0.000000000000e+00,0.000000000000e+00,0.000000000000e+00,0.000000000000e+00,1.629659550947e-04,6.801627985108e-04,5.539019981802e-04,0.000000000000e+00,0.000000000000e+00,0.000000000000e+00,0.000000000000e+00,0.000000000000e+00
C,S2,216,72,4,MG2V,1,47,8.133850510652e-08,3.201784708031e-04,6.801641588490e-04,3.383465748950e-03,0.047527328,0.047527328,0.000000000000e+00,0.000000000000e+00,0.000000000000e+00,0.000000000000e+00,1.629660116546e-04,6.801641588490e-04,5.539023368802e-04,0.000000000000e+00,0.000000000000e+00,0.000000000000e+00,0.000000000000e+00,0.000000000000e+00
C,S2,216,72,4,RMT3H,1,38,8.628179030086e-08,3.201779731356e-04,6.801610834621e-04,3.383407234540e-03,1.191939041,1.191939041,0.000000000000e+00,0.000000000000e+00,0.000000000000e+00,0.000000000000e+00,1.629658883175e-04,6.801610834621e-04,5.539021532812e-04,0.000000000000e+00,0.000000000000e+00,0.000000000000e+00,0.000000000000e+00,0.000000000000e+00
C,S2,216,72,16,SG_RBGS,1,25754,9.981818622777e-08,3.201790193359e-04,6.801670688534e-04,3.383511166564e-03,0.414464571,0.414464571,0.000000000000e+00,0.000000000000e+00,0.000000000000e+00,0.000000000000e+00,1.629660925024e-04,6.801670688534e-04,5.539049922901e-04,0.000000000000e+00,0.000000000000e+00,0.000000000000e+00,0.000000000000e+00,0.000000000000e+00
C,S2,216,72,16,MG3V,1,40,6.069876912564e-08,3.201780797866e-04,6.801621639892e-04,3.383426475188e-03,0.022321969,0.022321969,0.000000000000e+00,0.000000000000e+00,0.000000000000e+00,0.000000000000e+00,1.629659280805e-04,6.801621639892e-04,5.539015185772e-04,0.000000000000e+00,0.000000000000e+00,0.000000000000e+00,0.000000000000e+00,0.000000000000e+00
C,S2,216,72,16,MG2W,1,26,5.727676959413e-08,3.201781936645e-04,6.801627985108e-04,3.383441169652e-03,0.032121882,0.032121882,0.000000000000e+00,0.000000000000e+00,0.000000000000e+00,0.000000000000e+00,1.629659550947e-04,6.801627985108e-04,5.539019981802e-04,0.000000000000e+00,0.000000000000e+00,0.000000000000e+00,0.000000000000e+00,0.000000000000e+00
C,S2,216,72,16,MG2V,1,47,8.133850510652e-08,3.201784708031e-04,6.801641588490e-04,3.383465748950e-03,0.035771258,0.035771258,0.000000000000e+00,0.000000000000e+00,0.000000000000e+00,0.000000000000e+00,1.629660116546e-04,6.801641588490e-04,5.539023368802e-04,0.000000000000e+00,0.000000000000e+00,0.000000000000e+00,0.000000000000e+00,0.000000000000e+00
C,S2,216,72,16,RMT3H,1,38,8.628179030086e-08,3.201779731356e-04,6.801610834621e-04,3.383407234540e-03,0.319896519,0.319896519,0.000000000000e+00,0.000000000000e+00,0.000000000000e+00,0.000000000000e+00,1.629658883175e-04,6.801610834621e-04,5.539021532812e-04,0.000000000000e+00,0.000000000000e+00,0.000000000000e+00,0.000000000000e+00,0.000000000000e+00
C,S2,108,36,2,SG_RBGS,1,6546,9.964561401893e-08,6.041240363387e-04,1.281608621706e-03,6.315949508096e-03,0.071686886,0.071686886,0.000000000000e+00,0.000000000000e+00,0.000000000000e+00,0.000000000000e+00,3.049559577037e-04,1.281608621706e-03,1.045309285139e-03,0.000000000000e+00,0.000000000000e+00,0.000000000000e+00,0.000000000000e+00,0.000000000000e+00
C,S2,108,36,2,MG3V,1,36,8.585219861106e-08,6.041230451791e-04,1.281603834034e-03,6.315871902764e-03,0.010334209,0.010334209,0.000000000000e+00,0.000000000000e+00,0.000000000000e+00,0.000000000000e+00,3.049557900925e-04,1.281603834034e-03,1.045305918771e-03,0.000000000000e+00,0.000000000000e+00,0.000000000000e+00,0.000000000000e+00,0.000000000000e+00
C,S2,108,36,2,MG2W,1,25,8.564710344364e-08,6.041230490771e-04,1.281603863079e-03,6.315871857733e-03,0.016339518,0.016339518,0.000000000000e+00,0.000000000000e+00,0.000000000000e+00,0.000000000000e+00,3.049557917346e-04,1.281603863079e-03,1.045305903052e-03,0.000000000000e+00,0.000000000000e+00,0.000000000000e+00,0.000000000000e+00,0.000000000000e+00
C,S2,108,36,2,MG2V,1,28,8.661465946694e-08,6.041230575381e-04,1.281603855158e-03,6.315871841402e-03,0.013678722,0.013678722,0.000000000000e+00,0.000000000000e+00,0.000000000000e+00,0.000000000000e+00,3.049557786914e-04,1.281603855158e-03,1.045305945057e-03,0.000000000000e+00,0.000000000000e+00,0.000000000000e+00,0.000000000000e+00,0.000000000000e+00
C,S2,108,36,2,RMT3H,1,26,5.946987640723e-08,6.041230186205e-04,1.281603294102e-03,6.315861574315e-03,0.291945562,0.291945562,0.000000000000e+00,0.000000000000e+00,0.000000000000e+00,0.000000000000e+00,3.049557578415e-04,1.281603294102e-03,1.045306474488e-03,0.000000000000e+00,0.000000000000e+00,0.000000000000e+00,0.000000000000e+00,0.000000000000e+00
C,S2,108,36,1,SG_RBGS,1,6546,9.964561401893e-08,6.041240363387e-04,1.281608621706e-03,6.315949508096e-03,0.106719457,0.106719457,0.000000000000e+00,0.000000000000e+00,0.000000000000e+00,0.000000000000e+00,3.049559577037e-04,1.281608621706e-03,1.045309285139e-03,0.000000000000e+00,0.000000000000e+00,0.000000000000e+00,0.000000000000e+00,0.000000000000e+00
C,S2,108,36,1,MG3V,1,36,8.585219861106e-08,6.041230451791e-04,1.281603834034e-03,6.315871902764e-03,0.012815677,0.012815677,0.000000000000e+00,0.000000000000e+00,0.000000000000e+00,0.000000000000e+00,3.049557900925e-04,1.281603834034e-03,1.045305918771e-03,0.000000000000e+00,0.000000000000e+00,0.000000000000e+00,0.000000000000e+00,0.000000000000e+00
C,S2,108,36,1,MG2W,1,25,8.564710344364e-08,6.041230490771e-04,1.281603863079e-03,6.315871857733e-03,0.019494608,0.019494608,0.000000000000e+00,0.000000000000e+00,0.000000000000e+00,0.000000000000e+00,3.049557917346e-04,1.281603863079e-03,1.045305903052e-03,0.000000000000e+00,0.000000000000e+00,0.000000000000e+00,0.000000000000e+00,0.000000000000e+00
C,S2,108,36,1,MG2V,1,28,8.661465946694e-08,6.041230575381e-04,1.281603855158e-03,6.315871841402e-03,0.017619222,0.017619222,0.000000000000e+00,0.000000000000e+00,0.000000000000e+00,0.000000000000e+00,3.049557786914e-04,1.281603855158e-03,1.045305945057e-03,0.000000000000e+00,0.000000000000e+00,0.000000000000e+00,0.000000000000e+00,0.000000000000e+00
C,S2,108,36,1,RMT3H,1,26,5.946987640723e-08,6.041230186205e-04,1.281603294102e-03,6.315861574315e-03,0.589710973,0.589710973,0.000000000000e+00,0.000000000000e+00,0.000000000000e+00,0.000000000000e+00,3.049557578415e-04,1.281603294102e-03,1.045306474488e-03,0.000000000000e+00,0.000000000000e+00,0.000000000000e+00,0.000000000000e+00,0.000000000000e+00
C,S2,108,36,4,SG_RBGS,1,6546,9.964561401893e-08,6.041240363387e-04,1.281608621706e-03,6.315949508096e-03,0.065712012,0.065712012,0.000000000000e+00,0.000000000000e+00,0.000000000000e+00,0.000000000000e+00,3.049559577037e-04,1.281608621706e-03,1.045309285139e-03,0.000000000000e+00,0.000000000000e+00,0.000000000000e+00,0.000000000000e+00,0.000000000000e+00
C,S2,108,36,4,MG3V,1,36,8.585219861106e-08,6.041230451791e-04,1.281603834034e-03,6.315871902764e-03,0.010953680,0.010953680,0.000000000000e+00,0.000000000000e+00,0.000000000000e+00,0.000000000000e+00,3.049557900925e-04,1.281603834034e-03,1.045305918771e-03,0.000000000000e+00,0.000000000000e+00,0.000000000000e+00,0.000000000000e+00,0.000000000000e+00
C,S2,108,36,4,MG2W,1,25,8.564710344364e-08,6.041230490771e-04,1.281603863079e-03,6.315871857733e-03,0.015858576,0.015858576,0.000000000000e+00,0.000000000000e+00,0.000000000000e+00,0.000000000000e+00,3.049557917346e-04,1.281603863079e-03,1.045305903052e-03,0.000000000000e+00,0.000000000000e+00,0.000000000000e+00,0.000000000000e+00,0.000000000000e+00
C,S2,108,36,4,MG2V,1,28,8.661465946694e-08,6.041230575381e-04,1.281603855158e-03,6.315871841402e-03,0.011803180,0.011803180,0.000000000000e+00,0.000000000000e+00,0.000000000000e+00,0.000000000000e+00,3.049557786914e-04,1.281603855158e-03,1.045305945057e-03,0.000000000000e+00,0.000000000000e+00,0.000000000000e+00,0.000000000000e+00,0.000000000000e+00
C,S2,108,36,4,RMT3H,1,26,5.946987640723e-08,6.041230186205e-04,1.281603294102e-03,6.315861574315e-03,0.159168407,0.159168407,0.000000000000e+00,0.000000000000e+00,0.000000000000e+00,0.000000000000e+00,3.049557578415e-04,1.281603294102e-03,1.045306474488e-03,0.000000000000e+00,0.000000000000e+00,0.000000000000e+00,0.000000000000e+00,0.000000000000e+00
C,S2,108,36,16,SG_RBGS,1,6546,9.964561401893e-08,6.041240363387e-04,1.281608621706e-03,6.315949508096e-03,0.078579813,0.078579813,0.000000000000e+00,0.000000000000e+00,0.000000000000e+00,0.000000000000e+00,3.049559577037e-04,1.281608621706e-03,1.045309285139e-03,0.000000000000e+00,0.000000000000e+00,0.000000000000e+00,0.000000000000e+00,0.000000000000e+00
C,S2,108,36,16,MG3V,1,36,8.585219861106e-08,6.041230451791e-04,1.281603834034e-03,6.315871902764e-03,0.015457861,0.015457861,0.000000000000e+00,0.000000000000e+00,0.000000000000e+00,0.000000000000e+00,3.049557900925e-04,1.281603834034e-03,1.045305918771e-03,0.000000000000e+00,0.000000000000e+00,0.000000000000e+00,0.000000000000e+00,0.000000000000e+00
C,S2,108,36,16,MG2W,1,25,8.564710344364e-08,6.041230490771e-04,1.281603863079e-03,6.315871857733e-03,0.020383187,0.020383187,0.000000000000e+00,0.000000000000e+00,0.000000000000e+00,0.000000000000e+00,3.049557917346e-04,1.281603863079e-03,1.045305903052e-03,0.000000000000e+00,0.000000000000e+00,0.000000000000e+00,0.000000000000e+00,0.000000000000e+00
C,S2,108,36,16,MG2V,1,28,8.661465946694e-08,6.041230575381e-04,1.281603855158e-03,6.315871841402e-03,0.013069823,0.013069823,0.000000000000e+00,0.000000000000e+00,0.000000000000e+00,0.000000000000e+00,3.049557786914e-04,1.281603855158e-03,1.045305945057e-03,0.000000000000e+00,0.000000000000e+00,0.000000000000e+00,0.000000000000e+00,0.000000000000e+00
C,S2,108,36,16,RMT3H,1,26,5.946987640723e-08,6.041230186205e-04,1.281603294102e-03,6.315861574315e-03,0.048983946,0.048983946,0.000000000000e+00,0.000000000000e+00,0.000000000000e+00,0.000000000000e+00,3.049557578415e-04,1.281603294102e-03,1.045306474488e-03,0.000000000000e+00,0.000000000000e+00,0.000000000000e+00,0.000000000000e+00,0.000000000000e+00
C,S2,864,288,2,SG_RBGS,1,406456,9.999249111319e-08,8.368763246730e-05,1.781484349996e-04,8.901446742513e-04,253.251878262,253.251878262,0.000000000000e+00,0.000000000000e+00,0.000000000000e+00,0.000000000000e+00,4.290415680423e-05,1.781484349996e-04,1.449253324990e-04,0.000000000000e+00,0.000000000000e+00,0.000000000000e+00,0.000000000000e+00,0.000000000000e+00
C,S2,864,288,2,MG3V,1,137,9.300887074519e-08,8.368740076715e-05,1.781471843290e-04,8.901241417654e-04,1.642607778,1.642607778,0.000000000000e+00,0.000000000000e+00,0.000000000000e+00,0.000000000000e+00,4.290413769487e-05,1.781471843290e-04,1.449243189228e-04,0.000000000000e+00,0.000000000000e+00,0.000000000000e+00,0.000000000000e+00,0.000000000000e+00
C,S2,864,288,2,MG2W,1,317,9.830817624362e-08,8.368761338559e-05,1.781483380050e-04,8.901431708601e-04,8.553207155,8.553207155,0.000000000000e+00,0.000000000000e+00,0.000000000000e+00,0.000000000000e+00,4.290413555973e-05,1.781483380050e-04,1.449250100218e-04,0.000000000000e+00,0.000000000000e+00,0.000000000000e+00,0.000000000000e+00,0.000000000000e+00
C,S2,864,288,2,MG2V,1,629,9.958127958943e-08,8.368760103919e-05,1.781482716937e-04,8.901419979070e-04,13.956830814,13.956830814,0.000000000000e+00,0.000000000000e+00,0.000000000000e+00,0.000000000000e+00,4.290414487877e-05,1.781482716937e-04,1.449253149307e-04,0.000000000000e+00,0.000000000000e+00,0.000000000000e+00,0.000000000000e+00,0.000000000000e+00
C,S2,864,288,2,RMT3H,1,118,9.588242794828e-08,8.368676851187e-05,1.781439365495e-04,8.900682816114e-04,137.307909455,137.307909455,0.000000000000e+00,0.000000000000e+00,0.000000000000e+00,0.000000000000e+00,4.290401319049e-05,1.781439365495e-04,1.449220504602e-04,0.000000000000e+00,0.000000000000e+00,0.000000000000e+00,0.000000000000e+00,0.000000000000e+00
C,S2,864,288,1,SG_RBGS,1,406456,9.999249111319e-08,8.368763246730e-05,1.781484349996e-04,8.901446742513e-04,503.545096062,503.545096062,0.000000000000e+00,0.000000000000e+00,0.000000000000e+00,0.000000000000e+00,4.290415680423e-05,1.781484349996e-04,1.449253324990e-04,0.000000000000e+00,0.000000000000e+00,0.000000000000e+00,0.000000000000e+00,0.000000000000e+00
C,S2,864,288,1,MG3V,1,137,9.300887074518e-08,8.368740076715e-05,1.781471843290e-04,8.901241417654e-04,3.151246965,3.151246965,0.000000000000e+00,0.000000000000e+00,0.000000000000e+00,0.000000000000e+00,4.290413769487e-05,1.781471843290e-04,1.449243189228e-04,0.000000000000e+00,0.000000000000e+00,0.000000000000e+00,0.000000000000e+00,0.000000000000e+00
C,S2,864,288,1,MG2W,1,317,9.830817624362e-08,8.368761338558e-05,1.781483380050e-04,8.901431708601e-04,16.385435004,16.385435004,0.000000000000e+00,0.000000000000e+00,0.000000000000e+00,0.000000000000e+00,4.290413555973e-05,1.781483380050e-04,1.449250100218e-04,0.000000000000e+00,0.000000000000e+00,0.000000000000e+00,0.000000000000e+00,0.000000000000e+00
C,S2,864,288,1,MG2V,1,629,9.958127958943e-08,8.368760103919e-05,1.781482716937e-04,8.901419979070e-04,26.698512420,26.698512420,0.000000000000e+00,0.000000000000e+00,0.000000000000e+00,0.000000000000e+00,4.290414487877e-05,1.781482716937e-04,1.449253149307e-04,0.000000000000e+00,0.000000000000e+00,0.000000000000e+00,0.000000000000e+00,0.000000000000e+00
C,S2,864,288,1,RMT3H,1,118,9.588242794827e-08,8.368676851187e-05,1.781439365495e-04,8.900682816114e-04,264.673443716,264.673443716,0.000000000000e+00,0.000000000000e+00,0.000000000000e+00,0.000000000000e+00,4.290401319049e-05,1.781439365495e-04,1.449220504602e-04,0.000000000000e+00,0.000000000000e+00,0.000000000000e+00,0.000000000000e+00,0.000000000000e+00
C,S2,864,288,4,SG_RBGS,1,406456,9.999249111319e-08,8.368763246730e-05,1.781484349996e-04,8.901446742513e-04,125.796000805,125.796000805,0.000000000000e+00,0.000000000000e+00,0.000000000000e+00,0.000000000000e+00,4.290415680423e-05,1.781484349996e-04,1.449253324990e-04,0.000000000000e+00,0.000000000000e+00,0.000000000000e+00,0.000000000000e+00,0.000000000000e+00
C,S2,864,288,4,MG3V,1,137,9.300887074519e-08,8.368740076715e-05,1.781471843290e-04,8.901241417654e-04,0.869335525,0.869335525,0.000000000000e+00,0.000000000000e+00,0.000000000000e+00,0.000000000000e+00,4.290413769487e-05,1.781471843290e-04,1.449243189228e-04,0.000000000000e+00,0.000000000000e+00,0.000000000000e+00,0.000000000000e+00,0.000000000000e+00
C,S2,864,288,4,MG2W,1,317,9.830817624363e-08,8.368761338558e-05,1.781483380050e-04,8.901431708601e-04,4.631533027,4.631533027,0.000000000000e+00,0.000000000000e+00,0.000000000000e+00,0.000000000000e+00,4.290413555973e-05,1.781483380050e-04,1.449250100218e-04,0.000000000000e+00,0.000000000000e+00,0.000000000000e+00,0.000000000000e+00,0.000000000000e+00
C,S2,864,288,4,MG2V,1,629,9.958127958943e-08,8.368760103919e-05,1.781482716937e-04,8.901419979070e-04,7.481746722,7.481746722,0.000000000000e+00,0.000000000000e+00,0.000000000000e+00,0.000000000000e+00,4.290414487877e-05,1.781482716937e-04,1.449253149307e-04,0.000000000000e+00,0.000000000000e+00,0.000000000000e+00,0.000000000000e+00,0.000000000000e+00
C,S2,864,288,4,RMT3H,1,118,9.588242794828e-08,8.368676851187e-05,1.781439365495e-04,8.900682816114e-04,70.430470381,70.430470381,0.000000000000e+00,0.000000000000e+00,0.000000000000e+00,0.000000000000e+00,4.290401319049e-05,1.781439365495e-04,1.449220504602e-04,0.000000000000e+00,0.000000000000e+00,0.000000000000e+00,0.000000000000e+00,0.000000000000e+00
C,S2,864,288,16,SG_RBGS,1,406456,9.999249111319e-08,8.368763246730e-05,1.781484349996e-04,8.901446742513e-04,33.713529915,33.713529915,0.000000000000e+00,0.000000000000e+00,0.000000000000e+00,0.000000000000e+00,4.290415680423e-05,1.781484349996e-04,1.449253324990e-04,0.000000000000e+00,0.000000000000e+00,0.000000000000e+00,0.000000000000e+00,0.000000000000e+00
C,S2,864,288,16,MG3V,1,137,9.300887074519e-08,8.368740076715e-05,1.781471843290e-04,8.901241417654e-04,0.303191759,0.303191759,0.000000000000e+00,0.000000000000e+00,0.000000000000e+00,0.000000000000e+00,4.290413769487e-05,1.781471843290e-04,1.449243189228e-04,0.000000000000e+00,0.000000000000e+00,0.000000000000e+00,0.000000000000e+00,0.000000000000e+00
C,S2,864,288,16,MG2W,1,317,9.830817624363e-08,8.368761338558e-05,1.781483380050e-04,8.901431708601e-04,1.691614188,1.691614188,0.000000000000e+00,0.000000000000e+00,0.000000000000e+00,0.000000000000e+00,4.290413555973e-05,1.781483380050e-04,1.449250100219e-04,0.000000000000e+00,0.000000000000e+00,0.000000000000e+00,0.000000000000e+00,0.000000000000e+00
C,S2,864,288,16,MG2V,1,629,9.958127958943e-08,8.368760103919e-05,1.781482716937e-04,8.901419979070e-04,2.597348310,2.597348310,0.000000000000e+00,0.000000000000e+00,0.000000000000e+00,0.000000000000e+00,4.290414487877e-05,1.781482716937e-04,1.449253149307e-04,0.000000000000e+00,0.000000000000e+00,0.000000000000e+00,0.000000000000e+00,0.000000000000e+00
C,S2,864,288,16,RMT3H,1,118,9.588242794828e-08,8.368676851187e-05,1.781439365495e-04,8.900682816114e-04,18.268245205,18.268245205,0.000000000000e+00,0.000000000000e+00,0.000000000000e+00,0.000000000000e+00,4.290401319049e-05,1.781439365495e-04,1.449220504602e-04,0.000000000000e+00,0.000000000000e+00,0.000000000000e+00,0.000000000000e+00,0.000000000000e+00
C,S2,1728,576,2,MG3V,1,516,9.432964364877e-08,4.215901530529e-05,8.978469458749e-05,4.489869648931e-04,25.763989918,25.763989918,0.000000000000e+00,0.000000000000e+00,0.000000000000e+00,0.000000000000e+00,2.164134026984e-05,8.978469458749e-05,7.302855344098e-05,0.000000000000e+00,0.000000000000e+00,0.000000000000e+00,0.000000000000e+00,0.000000000000e+00
C,S2,1728,576,2,MG2W,1,1242,9.928404972354e-08,4.215904326086e-05,8.978484243010e-05,4.489893356346e-04,137.415641785,137.415641785,0.000000000000e+00,0.000000000000e+00,0.000000000000e+00,0.000000000000e+00,2.164134662136e-05,8.978484243010e-05,7.302879122755e-05,0.000000000000e+00,0.000000000000e+00,0.000000000000e+00,0.000000000000e+00,0.000000000000e+00
C,S2,1728,576,2,MG2V,1,2472,9.981978169424e-08,4.215907087359e-05,8.978499277491e-05,4.489919170443e-04,223.874028243,223.874028243,0.000000000000e+00,0.000000000000e+00,0.000000000000e+00,0.000000000000e+00,2.164134833244e-05,8.978499277491e-05,7.302878886205e-05,0.000000000000e+00,0.000000000000e+00,0.000000000000e+00,0.000000000000e+00,0.000000000000e+00
C,S2,1728,576,2,RMT3H,1,347,9.311714547559e-08,4.215818435479e-05,8.978025894464e-05,4.489115717261e-04,1937.085451618,1937.085451618,0.000000000000e+00,0.000000000000e+00,0.000000000000e+00,0.000000000000e+00,2.164119914052e-05,8.978025894464e-05,7.302504849014e-05,0.000000000000e+00,0.000000000000e+00,0.000000000000e+00,0.000000000000e+00,0.000000000000e+00
C,S2,1728,576,1,MG3V,1,516,9.432964364875e-08,4.215901530529e-05,8.978469458749e-05,4.489869648931e-04,50.537557609,50.537557609,0.000000000000e+00,0.000000000000e+00,0.000000000000e+00,0.000000000000e+00,2.164134026983e-05,8.978469458749e-05,7.302855344097e-05,0.000000000000e+00,0.000000000000e+00,0.000000000000e+00,0.000000000000e+00,0.000000000000e+00
C,S2,1728,576,1,MG2W,1,1242,9.928404972354e-08,4.215904326086e-05,8.978484243010e-05,4.489893356346e-04,268.865715005,268.865715005,0.000000000000e+00,0.000000000000e+00,0.000000000000e+00,0.000000000000e+00,2.164134662136e-05,8.978484243010e-05,7.302879122754e-05,0.000000000000e+00,0.000000000000e+00,0.000000000000e+00,0.000000000000e+00,0.000000000000e+00
C,S2,1728,576,1,MG2V,1,2472,9.981978169422e-08,4.215907087360e-05,8.978499277490e-05,4.489919170443e-04,439.764240239,439.764240239,0.000000000000e+00,0.000000000000e+00,0.000000000000e+00,0.000000000000e+00,2.164134833244e-05,8.978499277490e-05,7.302878886204e-05,0.000000000000e+00,0.000000000000e+00,0.000000000000e+00,0.000000000000e+00,0.000000000000e+00
C,S2,1728,576,1,RMT3H,1,347,9.311714547559e-08,4.215818435479e-05,8.978025894464e-05,4.489115717261e-04,3715.087119717,3715.087119717,0.000000000000e+00,0.000000000000e+00,0.000000000000e+00,0.000000000000e+00,2.164119914052e-05,8.978025894464e-05,7.302504849012e-05,0.000000000000e+00,0.000000000000e+00,0.000000000000e+00,0.000000000000e+00,0.000000000000e+00
C,S2,1728,576,4,MG3V,1,516,9.432964364877e-08,4.215901530529e-05,8.978469458750e-05,4.489869648931e-04,13.117077816,13.117077816,0.000000000000e+00,0.000000000000e+00,0.000000000000e+00,0.000000000000e+00,2.164134026984e-05,8.978469458750e-05,7.302855344098e-05,0.000000000000e+00,0.000000000000e+00,0.000000000000e+00,0.000000000000e+00,0.000000000000e+00
C,S2,1728,576,4,MG2W,1,1242,9.928404972354e-08,4.215904326086e-05,8.978484243011e-05,4.489893356346e-04,70.148794115,70.148794115,0.000000000000e+00,0.000000000000e+00,0.000000000000e+00,0.000000000000e+00,2.164134662136e-05,8.978484243011e-05,7.302879122756e-05,0.000000000000e+00,0.000000000000e+00,0.000000000000e+00,0.000000000000e+00,0.000000000000e+00
C,S2,1728,576,4,MG2V,1,2472,9.981978169424e-08,4.215907087359e-05,8.978499277491e-05,4.489919170443e-04,115.837816220,115.837816220,0.000000000000e+00,0.000000000000e+00,0.000000000000e+00,0.000000000000e+00,2.164134833244e-05,8.978499277491e-05,7.302878886206e-05,0.000000000000e+00,0.000000000000e+00,0.000000000000e+00,0.000000000000e+00,0.000000000000e+00
C,S2,1728,576,4,RMT3H,1,347,9.311714547559e-08,4.215818435479e-05,8.978025894465e-05,4.489115717261e-04,995.661466874,995.661466874,0.000000000000e+00,0.000000000000e+00,0.000000000000e+00,0.000000000000e+00,2.164119914052e-05,8.978025894465e-05,7.302504849014e-05,0.000000000000e+00,0.000000000000e+00,0.000000000000e+00,0.000000000000e+00,0.000000000000e+00
C,S2,1728,576,16,MG3V,1,516,9.432964364877e-08,4.215901530529e-05,8.978469458750e-05,4.489869648931e-04,4.093199573,4.093199573,0.000000000000e+00,0.000000000000e+00,0.000000000000e+00,0.000000000000e+00,2.164134026984e-05,8.978469458750e-05,7.302855344099e-05,0.000000000000e+00,0.000000000000e+00,0.000000000000e+00,0.000000000000e+00,0.000000000000e+00
C,S2,1728,576,16,MG2W,1,1242,9.928404972354e-08,4.215904326086e-05,8.978484243011e-05,4.489893356346e-04,21.557605311,21.557605311,0.000000000000e+00,0.000000000000e+00,0.000000000000e+00,0.000000000000e+00,2.164134662136e-05,8.978484243011e-05,7.302879122756e-05,0.000000000000e+00,0.000000000000e+00,0.000000000000e+00,0.000000000000e+00,0.000000000000e+00
C,S2,1728,576,16,MG2V,1,2472,9.981978169424e-08,4.215907087360e-05,8.978499277491e-05,4.489919170443e-04,34.259347506,34.259347506,0.000000000000e+00,0.000000000000e+00,0.000000000000e+00,0.000000000000e+00,2.164134833244e-05,8.978499277491e-05,7.302878886206e-05,0.000000000000e+00,0.000000000000e+00,0.000000000000e+00,0.000000000000e+00,0.000000000000e+00
C,S2,1728,576,16,RMT3H,1,347,9.311714547560e-08,4.215818435479e-05,8.978025894465e-05,4.489115717261e-04,313.910788067,313.910788067,0.000000000000e+00,0.000000000000e+00,0.000000000000e+00,0.000000000000e+00,2.164119914052e-05,8.978025894465e-05,7.302504849014e-05,0.000000000000e+00,0.000000000000e+00,0.000000000000e+00,0.000000000000e+00,0.000000000000e+00
C,S2,432,144,2,SG_RBGS,1,102090,9.995969554871e-08,1.648929017028e-04,3.507418721879e-04,1.749873448668e-03,13.397917032,13.397917032,0.000000000000e+00,0.000000000000e+00,0.000000000000e+00,0.000000000000e+00,8.432622616826e-05,3.507418721879e-04,2.854280303782e-04,0.000000000000e+00,0.000000000000e+00,0.000000000000e+00,0.000000000000e+00,0.000000000000e+00
C,S2,432,144,2,MG3V,1,43,7.628315617754e-08,1.648921206033e-04,3.507376490399e-04,1.749805930954e-03,0.127469912,0.127469912,0.000000000000e+00,0.000000000000e+00,0.000000000000e+00,0.000000000000e+00,8.432609690276e-05,3.507376490399e-04,2.854250759255e-04,0.000000000000e+00,0.000000000000e+00,0.000000000000e+00,0.000000000000e+00,0.000000000000e+00
C,S2,432,144,2,MG2W,1,84,8.884730887383e-08,1.648924777659e-04,3.507396072485e-04,1.749835648212e-03,0.580594435,0.580594435,0.000000000000e+00,0.000000000000e+00,0.000000000000e+00,0.000000000000e+00,8.432616830309e-05,3.507396072485e-04,2.854275181199e-04,0.000000000000e+00,0.000000000000e+00,0.000000000000e+00,0.000000000000e+00,0.000000000000e+00
C,S2,432,144,2,MG2V,1,164,9.705662052280e-08,1.648927117994e-04,3.507408604475e-04,1.749856941564e-03,0.918570101,0.918570101,0.000000000000e+00,0.000000000000e+00,0.000000000000e+00,0.000000000000e+00,8.432621761038e-05,3.507408604475e-04,2.854272645178e-04,0.000000000000e+00,0.000000000000e+00,0.000000000000e+00,0.000000000000e+00,0.000000000000e+00
C,S2,432,144,2,RMT3H,1,62,7.117915404235e-08,1.648918945291e-04,3.507362641769e-04,1.749776751787e-03,18.162652999,18.162652999,0.000000000000e+00,0.000000000000e+00,0.000000000000e+00,0.000000000000e+00,8.432603694563e-05,3.507362641769e-04,2.854247690730e-04,0.000000000000e+00,0.000000000000e+00,0.000000000000e+00,0.000000000000e+00,0.000000000000e+00
C,S2,432,144,1,SG_RBGS,1,102090,9.995969554871e-08,1.648929017028e-04,3.507418721879e-04,1.749873448668e-03,30.324897164,30.324897164,0.000000000000e+00,0.000000000000e+00,0.000000000000e+00,0.000000000000e+00,8.432622616825e-05,3.507418721879e-04,2.854280303782e-04,0.000000000000e+00,0.000000000000e+00,0.000000000000e+00,0.000000000000e+00,0.000000000000e+00
C,S2,432,144,1,MG3V,1,43,7.628315617754e-08,1.648921206033e-04,3.507376490399e-04,1.749805930954e-03,0.247747047,0.247747047,0.000000000000e+00,0.000000000000e+00,0.000000000000e+00,0.000000000000e+00,8.432609690276e-05,3.507376490399e-04,2.854250759255e-04,0.000000000000e+00,0.000000000000e+00,0.000000000000e+00,0.000000000000e+00,0.000000000000e+00
C,S2,432,144,1,MG2W,1,84,8.884730887383e-08,1.648924777659e-04,3.507396072485e-04,1.749835648212e-03,1.080527000,1.080527000,0.000000000000e+00,0.000000000000e+00,0.000000000000e+00,0.000000000000e+00,8.432616830309e-05,3.507396072485e-04,2.854275181199e-04,0.000000000000e+00,0.000000000000e+00,0.000000000000e+00,0.000000000000e+00,0.000000000000e+00
C,S2,432,144,1,MG2V,1,164,9.705662052280e-08,1.648927117994e-04,3.507408604475e-04,1.749856941564e-03,1.729966434,1.729966434,0.000000000000e+00,0.000000000000e+00,0.000000000000e+00,0.000000000000e+00,8.432621761038e-05,3.507408604475e-04,2.854272645178e-04,0.000000000000e+00,0.000000000000e+00,0.000000000000e+00,0.000000000000e+00,0.000000000000e+00
C,S2,432,144,1,RMT3H,1,62,7.117915404235e-08,1.648918945291e-04,3.507362641769e-04,1.749776751787e-03,34.660526916,34.660526916,0.000000000000e+00,0.000000000000e+00,0.000000000000e+00,0.000000000000e+00,8.432603694562e-05,3.507362641769e-04,2.854247690730e-04,0.000000000000e+00,0.000000000000e+00,0.000000000000e+00,0.000000000000e+00,0.000000000000e+00
C,S2,432,144,4,SG_RBGS,1,102090,9.995969554871e-08,1.648929017028e-04,3.507418721879e-04,1.749873448668e-03,7.388827160,7.388827160,0.000000000000e+00,0.000000000000e+00,0.000000000000e+00,0.000000000000e+00,8.432622616826e-05,3.507418721879e-04,2.854280303782e-04,0.000000000000e+00,0.000000000000e+00,0.000000000000e+00,0.000000000000e+00,0.000000000000e+00
C,S2,432,144,4,MG3V,1,43,7.628315617754e-08,1.648921206033e-04,3.507376490399e-04,1.749805930954e-03,0.076524459,0.076524459,0.000000000000e+00,0.000000000000e+00,0.000000000000e+00,0.000000000000e+00,8.432609690276e-05,3.507376490399e-04,2.854250759255e-04,0.000000000000e+00,0.000000000000e+00,0.000000000000e+00,0.000000000000e+00,0.000000000000e+00
C,S2,432,144,4,MG2W,1,84,8.884730887383e-08,1.648924777659e-04,3.507396072485e-04,1.749835648212e-03,0.341279522,0.341279522,0.000000000000e+00,0.000000000000e+00,0.000000000000e+00,0.000000000000e+00,8.432616830309e-05,3.507396072485e-04,2.854275181199e-04,0.000000000000e+00,0.000000000000e+00,0.000000000000e+00,0.000000000000e+00,0.000000000000e+00
C,S2,432,144,4,MG2V,1,164,9.705662052280e-08,1.648927117994e-04,3.507408604475e-04,1.749856941564e-03,0.527228758,0.527228758,0.000000000000e+00,0.000000000000e+00,0.000000000000e+00,0.000000000000e+00,8.432621761038e-05,3.507408604475e-04,2.854272645178e-04,0.000000000000e+00,0.000000000000e+00,0.000000000000e+00,0.000000000000e+00,0.000000000000e+00
C,S2,432,144,4,RMT3H,1,62,7.117915404235e-08,1.648918945291e-04,3.507362641769e-04,1.749776751787e-03,9.474839240,9.474839240,0.000000000000e+00,0.000000000000e+00,0.000000000000e+00,0.000000000000e+00,8.432603694563e-05,3.507362641769e-04,2.854247690730e-04,0.000000000000e+00,0.000000000000e+00,0.000000000000e+00,0.000000000000e+00,0.000000000000e+00
C,S2,432,144,16,SG_RBGS,1,102090,9.995969554871e-08,1.648929017028e-04,3.507418721879e-04,1.749873448668e-03,3.205696993,3.205696993,0.000000000000e+00,0.000000000000e+00,0.000000000000e+00,0.000000000000e+00,8.432622616826e-05,3.507418721879e-04,2.854280303782e-04,0.000000000000e+00,0.000000000000e+00,0.000000000000e+00,0.000000000000e+00,0.000000000000e+00
C,S2,432,144,16,MG3V,1,43,7.628315617754e-08,1.648921206033e-04,3.507376490399e-04,1.749805930954e-03,0.039799549,0.039799549,0.000000000000e+00,0.000000000000e+00,0.000000000000e+00,0.000000000000e+00,8.432609690276e-05,3.507376490399e-04,2.854250759255e-04,0.000000000000e+00,0.000000000000e+00,0.000000000000e+00,0.000000000000e+00,0.000000000000e+00
C,S2,432,144,16,MG2W,1,84,8.884730887383e-08,1.648924777659e-04,3.507396072485e-04,1.749835648212e-03,0.163975239,0.163975239,0.000000000000e+00,0.000000000000e+00,0.000000000000e+00,0.000000000000e+00,8.432616830309e-05,3.507396072485e-04,2.854275181199e-04,0.000000000000e+00,0.000000000000e+00,0.000000000000e+00,0.000000000000e+00,0.000000000000e+00
C,S2,432,144,16,MG2V,1,164,9.705662052280e-08,1.648927117994e-04,3.507408604475e-04,1.749856941564e-03,0.235903829,0.235903829,0.000000000000e+00,0.000000000000e+00,0.000000000000e+00,0.000000000000e+00,8.432621761038e-05,3.507408604475e-04,2.854272645178e-04,0.000000000000e+00,0.000000000000e+00,0.000000000000e+00,0.000000000000e+00,0.000000000000e+00
C,S2,432,144,16,RMT3H,1,62,7.117915404235e-08,1.648918945291e-04,3.507362641769e-04,1.749776751787e-03,2.522163168,2.522163168,0.000000000000e+00,0.000000000000e+00,0.000000000000e+00,0.000000000000e+00,8.432603694563e-05,3.507362641769e-04,2.854247690730e-04,0.000000000000e+00,0.000000000000e+00,0.000000000000e+00,0.000000000000e+00,0.000000000000e+00
